"audit_sha","path","source_set","language","bytes","wc_line_equivalent","sha256","declaration_count"
"fd5866d2580127142e46b58848da2471488f70c0","android/app/src/androidTest/kotlin/fr/mina/gateway/messaging/storage/RoomMessagingSecretStoreTest.kt","androidTest","kotlin","5104","122","0f01ca5cc6a82f9eaf39944b719161fe5c33472698cafaf35623df8696e679e5","9"
"fd5866d2580127142e46b58848da2471488f70c0","android/app/src/main/java/fr/mina/gateway/messaging/storage/EncryptedMessageEntity.java","main","java","1546","57","d561eaff23960c36a629064b59455135a825910c1345e4faabb5579a370d032e","1"
"fd5866d2580127142e46b58848da2471488f70c0","android/app/src/main/java/fr/mina/gateway/messaging/storage/EncryptedSecretEntity.java","main","java","1019","37","49ec834d498070e37f2d5cbc04efb115c4229f7afef6bc0c54d5d0996230e1e0","1"
"fd5866d2580127142e46b58848da2471488f70c0","android/app/src/main/java/fr/mina/gateway/messaging/storage/MessagingDatabase.java","main","java","1128","36","2bed5c717928517ffde2d72f54687353307a0c5555f18aedee594d7119d48cae","3"
"fd5866d2580127142e46b58848da2471488f70c0","android/app/src/main/java/fr/mina/gateway/messaging/storage/MessagingMessageDao.java","main","java","945","26","8b912a16a98ffa64f1a47fe1b7731a1f8719a8effa527165f9b3dc7de39665ce","3"
"fd5866d2580127142e46b58848da2471488f70c0","android/app/src/main/java/fr/mina/gateway/messaging/storage/MessagingSecretDao.java","main","java","853","26","5942d0b5d095f4195bdd67f8afea2a91b20ebd2656789fe89723f692f1a47736","4"
"fd5866d2580127142e46b58848da2471488f70c0","android/app/src/main/kotlin/fr/mina/gateway/AideActivity.kt","main","kotlin","6983","133","7c71c212e544cfd5ddfd44b76ea8fbdac2eccca5dbb26acda793b693c429c968","2"
"fd5866d2580127142e46b58848da2471488f70c0","android/app/src/main/kotlin/fr/mina/gateway/BiometricLock.kt","main","kotlin","2507","51","c05c899c460d7461ad4c781310e43f782e99a49060a9ca3aae659463b677feaf","5"
"fd5866d2580127142e46b58848da2471488f70c0","android/app/src/main/kotlin/fr/mina/gateway/ChatActivity.kt","main","kotlin","3552","92","1e4c70ad56a2a905bb6dff8b2395cded6a8ff4ac799e2f6f666054378c461951","5"
"fd5866d2580127142e46b58848da2471488f70c0","android/app/src/main/kotlin/fr/mina/gateway/MainActivity.kt","main","kotlin","22420","486","107053099223f3ea7c60205357cbb3767923a886f64285bb5c3910968de12700","20"
"fd5866d2580127142e46b58848da2471488f70c0","android/app/src/main/kotlin/fr/mina/gateway/ProvisioningStatus.kt","main","kotlin","883","23","cea43dc766b98218c4cee72eef7cb843a144615281e3a97e48032342241b655c","2"
"fd5866d2580127142e46b58848da2471488f70c0","android/app/src/main/kotlin/fr/mina/gateway/chat/ChatNotifier.kt","main","kotlin","2301","58","777dc62ae5c1b4eebf458e129b124104a8edefc0032a47d6c573f0239d507aae","2"
"fd5866d2580127142e46b58848da2471488f70c0","android/app/src/main/kotlin/fr/mina/gateway/chat/ChatSyncWorker.kt","main","kotlin","1627","39","fdba11765f3344da110d888a5248dfef2a6050428a830c783e0af1311fb81c58","2"
"fd5866d2580127142e46b58848da2471488f70c0","android/app/src/main/kotlin/fr/mina/gateway/chat/MinaChatMessagingService.kt","main","kotlin","1417","31","a8165230b3f22c2fe6ad45ee0693d1abbad4eb154ebfed60f11d91984780934a","2"
"fd5866d2580127142e46b58848da2471488f70c0","android/app/src/main/kotlin/fr/mina/gateway/messaging/AndroidSmsCommandDispatcher.kt","main","kotlin","1499","34","95317e7ff28cf223c76c43183d4392cc3e3ec6e4233a57e8781a132f3c3f3083","1"
"fd5866d2580127142e46b58848da2471488f70c0","android/app/src/main/kotlin/fr/mina/gateway/messaging/GatewayBootReceiver.kt","main","kotlin","456","12","2c87657c4404cc75d456ac4dc1671ea729d7f672f42ff725222de6740ad8ca86","1"
"fd5866d2580127142e46b58848da2471488f70c0","android/app/src/main/kotlin/fr/mina/gateway/messaging/GatewayKeepaliveReceiver.kt","main","kotlin","508","16","802e93dac7b7384607da53e68882ee1220122ce1613c7b1af0bfddb3cef1bd05","1"
"fd5866d2580127142e46b58848da2471488f70c0","android/app/src/main/kotlin/fr/mina/gateway/messaging/MessagePullFileProcessor.kt","main","kotlin","7565","177","1a4ce775cf6402b46d9b309229ae3c757310a544a0f4cdf28180cd4efef977fd","14"
"fd5866d2580127142e46b58848da2471488f70c0","android/app/src/main/kotlin/fr/mina/gateway/messaging/MessagingExecutors.kt","main","kotlin","243","9","94de6d924e571617950f3c1f5779d41e74babacc72a83c403a7f8d4f3f18eca9","0"
"fd5866d2580127142e46b58848da2471488f70c0","android/app/src/main/kotlin/fr/mina/gateway/messaging/MinaGatewayService.kt","main","kotlin","7912","189","6082ba3746b331925117448c664f1ae80b629c6e3e34804be78ae4618b3be7d6","11"
"fd5866d2580127142e46b58848da2471488f70c0","android/app/src/main/kotlin/fr/mina/gateway/messaging/OwnerIdentity.kt","main","kotlin","491","14","b0c92f3964c7170713035a41ff6ca545fdca7ea072a2092575eb7e61c41733b7","2"
"fd5866d2580127142e46b58848da2471488f70c0","android/app/src/main/kotlin/fr/mina/gateway/messaging/PhoneNumberNormalizer.kt","main","kotlin","627","15","75e53ba4fa1db2a7baf4251cfd863672717c5884ba63b8208ba9312b9e48d396","1"
"fd5866d2580127142e46b58848da2471488f70c0","android/app/src/main/kotlin/fr/mina/gateway/messaging/SmsBroadcastReceiver.kt","main","kotlin","1488","31","7618ff58f944add5932b04df06791b9ca0816cbd997432575d93aef5ff5fe178","1"
"fd5866d2580127142e46b58848da2471488f70c0","android/app/src/main/kotlin/fr/mina/gateway/messaging/SmsCommand.kt","main","kotlin","1875","40","e3ecb960b42febea2345b2eeaa65b996772936fc799fab2268965a0e3616a273","1"
"fd5866d2580127142e46b58848da2471488f70c0","android/app/src/main/kotlin/fr/mina/gateway/messaging/SmsCommandFileProcessor.kt","main","kotlin","2399","67","5c56c5c2bd3ad08c6890055479c812200e5d7667db22dce3c56c073580227c62","4"
"fd5866d2580127142e46b58848da2471488f70c0","android/app/src/main/kotlin/fr/mina/gateway/messaging/SmsGateway.kt","main","kotlin","2851","65","a83b1bfa4e9f46887a73694da4ab34376722d316f84c35cea35a02142763ac9a","7"
"fd5866d2580127142e46b58848da2471488f70c0","android/app/src/main/kotlin/fr/mina/gateway/messaging/SmsMessageAssembler.kt","main","kotlin","768","18","424cbd9a26cbbd9dc5791dc9416ba2c479d585696ae33211950e21b24d8d0aeb","1"
"fd5866d2580127142e46b58848da2471488f70c0","android/app/src/main/kotlin/fr/mina/gateway/messaging/TelegramApiClient.kt","main","kotlin","3890","91","e188f7fc4d0e51c4f2b8e340a64aa53f8ebff44e42f1ee90c60b70e020bc3144","6"
"fd5866d2580127142e46b58848da2471488f70c0","android/app/src/main/kotlin/fr/mina/gateway/messaging/TelegramGateway.kt","main","kotlin","1735","43","cdcf8063e0db667eb1e837fdb8c67c7cec039e3d5dacd96f93b16e2023537174","7"
"fd5866d2580127142e46b58848da2471488f70c0","android/app/src/main/kotlin/fr/mina/gateway/messaging/TelegramPoller.kt","main","kotlin","1477","47","008bb34c8071ecfefe0cdc0c1a4c88f495cf4c74bc33fd028099c62b2ac67aed","6"
"fd5866d2580127142e46b58848da2471488f70c0","android/app/src/main/kotlin/fr/mina/gateway/messaging/TelegramUpdateParser.kt","main","kotlin","1636","36","779ac232c060d1c50ece759cf12e27c3129163db42ac12cb3536ae14998eb099","1"
"fd5866d2580127142e46b58848da2471488f70c0","android/app/src/main/kotlin/fr/mina/gateway/messaging/storage/AndroidKeystoreFieldCipher.kt","main","kotlin","4325","109","9407fd29cec0d7dd870a5f7dbf96409c960e887ad3459f9ef0f678a25bc05cd5","7"
"fd5866d2580127142e46b58848da2471488f70c0","android/app/src/main/kotlin/fr/mina/gateway/messaging/storage/EncryptedMessageRepository.kt","main","kotlin","4061","107","ed802094f7c1c9bf29b762b70225ead1368d3cede2961dd99432ae54bd18c01e","7"
"fd5866d2580127142e46b58848da2471488f70c0","android/app/src/main/kotlin/fr/mina/gateway/messaging/storage/EncryptedOwnerIdentityStore.kt","main","kotlin","1554","41","442962d49672c0f94e5026e0745ad168042cfce5716e097a7835c4896676217b","3"
"fd5866d2580127142e46b58848da2471488f70c0","android/app/src/main/kotlin/fr/mina/gateway/messaging/storage/EncryptedTelegramOffsetStore.kt","main","kotlin","763","24","4180df4b04a94c8d3ee6ef7e4ee27380fccc79cf7f9ecd98a54c3dd78a9d67d0","2"
"fd5866d2580127142e46b58848da2471488f70c0","android/app/src/main/kotlin/fr/mina/gateway/messaging/storage/MessagingFieldCipher.kt","main","kotlin","243","7","38fe43e916b2e3e7de6fe96c842a65ed6c1ee644671813a4408979fff9ea49e7","3"
"fd5866d2580127142e46b58848da2471488f70c0","android/app/src/main/kotlin/fr/mina/gateway/messaging/storage/RoomMessagingSecretStore.kt","main","kotlin","1442","45","475c63581afc619979a64ce145b25aa78064f03a1f94c07557b92786e098f551","5"
"fd5866d2580127142e46b58848da2471488f70c0","android/app/src/test/kotlin/fr/mina/gateway/BiometricGateTest.kt","test","kotlin","876","21","6b9d9bbee7a2ff311455a11dd1c183c185299c40b35ccd4500a897d67eab9645","3"
"fd5866d2580127142e46b58848da2471488f70c0","android/app/src/test/kotlin/fr/mina/gateway/ProvisioningStatusTest.kt","test","kotlin","1823","48","4bc092e8554065e850a9fff14e2b2048a53f2185615edf372c117af6af12851b","6"
"fd5866d2580127142e46b58848da2471488f70c0","android/app/src/test/kotlin/fr/mina/gateway/messaging/MessagePullFileProcessorTest.kt","test","kotlin","4597","95","46f2749d87d263b74238d440eaec3591b9c3c75bece8fa68f5e080fa0391a23f","6"
"fd5866d2580127142e46b58848da2471488f70c0","android/app/src/test/kotlin/fr/mina/gateway/messaging/MessagingPolicyTest.kt","test","kotlin","2043","42","cfe1c7cf1bdc1ec581184976c4591ccea35b7afac8d7391fd7d99bf178053af6","2"
"fd5866d2580127142e46b58848da2471488f70c0","android/app/src/test/kotlin/fr/mina/gateway/messaging/SmsCommandParserTest.kt","test","kotlin","2660","56","13bddb175937b4caf400711d5d40bec44a5f47635e311af3cd9d9a7f43b29ac5","3"
"fd5866d2580127142e46b58848da2471488f70c0","android/app/src/test/kotlin/fr/mina/gateway/messaging/SmsMessageAssemblerTest.kt","test","kotlin","939","31","9dbd00e4c2920e4d31c883705e9b3bffd5dc86291dc378933361be4fbf639276","2"
"fd5866d2580127142e46b58848da2471488f70c0","android/app/src/test/kotlin/fr/mina/gateway/messaging/TelegramApiClientTest.kt","test","kotlin","1300","31","2bdf70aa1715c0265a48b88fbc1e8b775d3612632b1ba67a9893eeb1b2450c75","1"
"fd5866d2580127142e46b58848da2471488f70c0","android/app/src/test/kotlin/fr/mina/gateway/messaging/TelegramPollerTest.kt","test","kotlin","2622","67","2ecd8cf40d87b0249ef33b4d31bf479f8eadecdb11db26e6f14c135cd0f3b72a","6"
"fd5866d2580127142e46b58848da2471488f70c0","android/app/src/test/kotlin/fr/mina/gateway/messaging/TelegramUpdateParserTest.kt","test","kotlin","1133","28","2f3ea04ed201633f5051faaa62edec6c068b3f35705d23add59ccd9ba86ea801","2"
"fd5866d2580127142e46b58848da2471488f70c0","android/core/chat/src/main/kotlin/fr/mina/gateway/chat/ChatDatabase.kt","main","kotlin","5980","139","0611ad67dfc1356d419ea8d58794242e93087f94634fc059265886bb235bd06a","15"
"fd5866d2580127142e46b58848da2471488f70c0","android/core/chat/src/main/kotlin/fr/mina/gateway/chat/ChatEngine.kt","main","kotlin","10188","231","5bb7d1a0924fe3703582eda12cb9d67cca6865e073c67f365d785de6c17411b2","13"
"fd5866d2580127142e46b58848da2471488f70c0","android/core/chat/src/main/kotlin/fr/mina/gateway/chat/ChatKeyVault.kt","main","kotlin","4745","109","bd3c1b4b97a9e9ae5ccc02ba3baa1666e488227b7e1088c9c86febaaec00e7be","9"
"fd5866d2580127142e46b58848da2471488f70c0","android/core/chat/src/main/kotlin/fr/mina/gateway/chat/ChatRepository.kt","main","kotlin","14461","297","b32f60f5a8ee4060d9fbdf004ac3630f4a3b3353e8fcde67319ffbab799cbb85","14"
"fd5866d2580127142e46b58848da2471488f70c0","android/core/chat/src/main/kotlin/fr/mina/gateway/chat/ChatSettings.kt","main","kotlin","2746","66","25699d9e12588cbd44048f97a55df93c992709c3c8c9eb56abe49ebdfd73e814","12"
"fd5866d2580127142e46b58848da2471488f70c0","android/core/chat/src/main/kotlin/fr/mina/gateway/chat/ChatSigner.kt","main","kotlin","1827","43","42226138344aad09b74c69083abae62fc0f1b3c6816a2e3199bd999e063d819f","2"
"fd5866d2580127142e46b58848da2471488f70c0","android/core/chat/src/main/kotlin/fr/mina/gateway/chat/ChatSyncLoop.kt","main","kotlin","4669","123","d639aba402adc03c63925e6f5886f4ffa337d704e2fda67cff181ed259b4e5a0","6"
"fd5866d2580127142e46b58848da2471488f70c0","android/core/chat/src/main/kotlin/fr/mina/gateway/chat/DirectChatLink.kt","main","kotlin","6555","144","01b414f8eeda8d602818312650a0cc237453aff455777f94790a6f5f3e85b56b","9"
"fd5866d2580127142e46b58848da2471488f70c0","android/core/chat/src/main/kotlin/fr/mina/gateway/chat/FirebaseChatRelay.kt","main","kotlin","5462","133","3940cd7739e66b5ee487ef554ce75605065630776eddee165dca2ca8d5dde1cd","7"
"fd5866d2580127142e46b58848da2471488f70c0","android/core/chat/src/test/kotlin/fr/mina/gateway/chat/ChatRepositoryTest.kt","test","kotlin","9650","209","6d47047c96ca93365d0a3b70fabafb41363e42cdf2e5a918c7c576bc4dc7367d","2"
"fd5866d2580127142e46b58848da2471488f70c0","android/core/protocol/src/main/kotlin/fr/mina/gateway/protocol/ChatBinaryCodec.kt","main","kotlin","3430","78","e3fa544280270b0a3613fb816d002517bd971af2da68627745229ab2912f4015","8"
"fd5866d2580127142e46b58848da2471488f70c0","android/core/protocol/src/main/kotlin/fr/mina/gateway/protocol/ChatCrypto.kt","main","kotlin","7527","169","fb4d0839b33031e9982887dda2aaf454cdc8b4b8c0168a34c68bfaf7d2bb8c5d","9"
"fd5866d2580127142e46b58848da2471488f70c0","android/core/protocol/src/main/kotlin/fr/mina/gateway/protocol/ChatEvent.kt","main","kotlin","7379","165","673209affe89fe8f26c555a1c54018d120716ec2ead8d23d40b26f20e7f98f58","4"
"fd5866d2580127142e46b58848da2471488f70c0","android/core/protocol/src/main/kotlin/fr/mina/gateway/protocol/ChatPayloadCodec.kt","main","kotlin","4033","79","7fc999da2cfe830419c7d959a5f2cba16d71ae1fb5b95a44f5ad881ff4225be2","6"
"fd5866d2580127142e46b58848da2471488f70c0","android/core/protocol/src/main/kotlin/fr/mina/gateway/protocol/DeviceIdentityKeyStore.kt","main","kotlin","2025","44","640dc2e00489b53cb7dadcc256f5e634ba3160c909ec7e36956cc9401f327889","2"
"fd5866d2580127142e46b58848da2471488f70c0","android/core/protocol/src/main/kotlin/fr/mina/gateway/protocol/EnvelopeCodec.kt","main","kotlin","5135","111","92f94293845cc272949dbce3a866cb52f240ecb2a85d28978004dd856cff59f2","6"
"fd5866d2580127142e46b58848da2471488f70c0","android/core/protocol/src/main/kotlin/fr/mina/gateway/protocol/MediaAssembler.kt","main","kotlin","3415","60","9f4965b84cbbe4c316ddfc9abb10e9d8a9e25222a4a4a37b04ebe41c489a1171","2"
"fd5866d2580127142e46b58848da2471488f70c0","android/core/protocol/src/main/kotlin/fr/mina/gateway/protocol/MediaChunker.kt","main","kotlin","2852","64","a353c4bba72e6bea6b953316bc1988243758a3e5f4485cbca36810ed29e91294","5"
"fd5866d2580127142e46b58848da2471488f70c0","android/core/protocol/src/main/kotlin/fr/mina/gateway/protocol/MinaEnvelope.kt","main","kotlin","699","33","6ca8892060bc9f057bede4b9d39e78372209d6d1dca863153d67f10198a73a69","0"
"fd5866d2580127142e46b58848da2471488f70c0","android/core/protocol/src/main/kotlin/fr/mina/gateway/protocol/MonotonicUlid.kt","main","kotlin","3669","97","e3a320e5ffa675735e852b21b55cca3e7c37e785b161e9e686b124bc40eb8d45","5"
"fd5866d2580127142e46b58848da2471488f70c0","android/core/protocol/src/test/kotlin/fr/mina/gateway/protocol/ChatBinaryCodecTest.kt","test","kotlin","2852","67","bc288a9a2b6844acc14509d26785cebb164d3ffbf857e97ddd46fd6c890d488e","3"
"fd5866d2580127142e46b58848da2471488f70c0","android/core/protocol/src/test/kotlin/fr/mina/gateway/protocol/ChatCryptoTest.kt","test","kotlin","2525","61","242c28f08e48682a75b0989170206cde4b1c394a183a9da18f32a0b03e7e656f","0"
"fd5866d2580127142e46b58848da2471488f70c0","android/core/protocol/src/test/kotlin/fr/mina/gateway/protocol/ChatDeviceWrapTest.kt","test","kotlin","4451","108","4c6b56eb3a139376ba170009f08db97be3179914f0af66b0af4fd797262d9b5c","4"
"fd5866d2580127142e46b58848da2471488f70c0","android/core/protocol/src/test/kotlin/fr/mina/gateway/protocol/ChatEventTest.kt","test","kotlin","3893","98","6f5f87c1792961a5f781b4838d83de6419a1c052a298d237f26a15f4cf51f9eb","2"
"fd5866d2580127142e46b58848da2471488f70c0","android/core/protocol/src/test/kotlin/fr/mina/gateway/protocol/ChatPayloadCodecTest.kt","test","kotlin","4107","78","a9ce622d109dcb9185a117b44ffbda52fb57eddcf84ec9b177b96d044db14257","7"
"fd5866d2580127142e46b58848da2471488f70c0","android/core/protocol/src/test/kotlin/fr/mina/gateway/protocol/EnvelopeCodecTest.kt","test","kotlin","2236","48","2b580be88aaec175cb6393164931d811a2f49b01ad7e0e2e34e914e86fca2dc0","2"
"fd5866d2580127142e46b58848da2471488f70c0","android/core/protocol/src/test/kotlin/fr/mina/gateway/protocol/MediaAssemblerTest.kt","test","kotlin","2977","69","86bab6b8af1cad10982e7e03e66348070f3ba2cb5f89ca6c10902d7eb5bf9358","2"
"fd5866d2580127142e46b58848da2471488f70c0","android/core/protocol/src/test/kotlin/fr/mina/gateway/protocol/MonotonicUlidTest.kt","test","kotlin","2015","60","88743a2b9cab7f9fca249325de5edfeada894c5210b4ae3aa541bb5e90aa6e5b","0"
"fd5866d2580127142e46b58848da2471488f70c0","android/core/transport/src/main/kotlin/fr/mina/gateway/transport/DeviceIdentity.kt","main","kotlin","2905","71","c5a4985764bb5b0795350fa830c555a9e923350d4563bf0069e820e2c2a26ff7","4"
"fd5866d2580127142e46b58848da2471488f70c0","android/core/transport/src/main/kotlin/fr/mina/gateway/transport/FirebaseFallback.kt","main","kotlin","2115","55","1ca476543be33a6bab66a2f077828368bfdad865b7108a8d9e74afb63d7e64dc","5"
"fd5866d2580127142e46b58848da2471488f70c0","android/core/transport/src/main/kotlin/fr/mina/gateway/transport/LanServer.kt","main","kotlin","1112","34","8c4961815079de58ecdd49af673e361bd1dfca2c6bd9c55f9fc4e854331e991f","3"
"fd5866d2580127142e46b58848da2471488f70c0","android/core/transport/src/main/kotlin/fr/mina/gateway/transport/TransportMultiplexer.kt","main","kotlin","3695","84","5effe51dcbc1548f1326c3add3fc94eed9c61c2bdc414fc04aa5accc931953d7","5"
"fd5866d2580127142e46b58848da2471488f70c0","android/core/transport/src/test/kotlin/fr/mina/gateway/transport/DeviceIdentityTest.kt","test","kotlin","1098","27","5349a3b98ae2701fffa3ba9188f98b548108425a56a57066285af83650ddd343","1"
"fd5866d2580127142e46b58848da2471488f70c0","android/core/transport/src/test/kotlin/fr/mina/gateway/transport/FirebaseFallbackTest.kt","test","kotlin","1302","28","451e4385db1e7dd67a9377e97732b90772621ef8c151ce2d7e4a89fc7e1409f6","4"
"fd5866d2580127142e46b58848da2471488f70c0","android/core/transport/src/test/kotlin/fr/mina/gateway/transport/TransportMultiplexerTest.kt","test","kotlin","2583","53","372f986f45e2dfcb1121deabbdecace1199c08c156991f11bf37ae6248ddefb0","3"
"fd5866d2580127142e46b58848da2471488f70c0","android/feature/camera/src/main/kotlin/fr/mina/gateway/camera/CameraFrameEncoder.kt","main","kotlin","3740","120","2ef44809e006694429c4f80e8b132d4252d43e346ba35248dbd6bbe751e25cf6","6"
"fd5866d2580127142e46b58848da2471488f70c0","android/feature/camera/src/main/kotlin/fr/mina/gateway/camera/CameraSessionController.kt","main","kotlin","2881","84","08babc839d3d9decc828050d26a0a58065838cce124cf1d5b3da1e52532a3928","9"
"fd5866d2580127142e46b58848da2471488f70c0","android/feature/camera/src/main/kotlin/fr/mina/gateway/camera/CameraStreamService.kt","main","kotlin","12421","297","a18a58d85325fecf14127218ad88204076694724ff6317bdf4585dd9e57c65dc","19"
"fd5866d2580127142e46b58848da2471488f70c0","android/feature/camera/src/test/kotlin/fr/mina/gateway/camera/CameraFrameEncoderTest.kt","test","kotlin","3600","91","2676bcac8ef282e5326057964521a6e83ddc8992a26f3d8d6240a36e90952484","6"
"fd5866d2580127142e46b58848da2471488f70c0","android/feature/camera/src/test/kotlin/fr/mina/gateway/camera/CameraSessionControllerTest.kt","test","kotlin","2112","47","051e46b201ee4aa4dc1a005a095373a13de80fe3342546dfb8de78e3e1b55aeb","3"
"fd5866d2580127142e46b58848da2471488f70c0","android/feature/chat/src/main/kotlin/fr/mina/gateway/feature/chat/ChatScreen.kt","main","kotlin","27822","605","56eac9735b9da36958134799fe8736e6d13e2858ca735f0735c34b68285367d4","15"
"fd5866d2580127142e46b58848da2471488f70c0","android/feature/chat/src/main/kotlin/fr/mina/gateway/feature/chat/ChatViewModel.kt","main","kotlin","5302","142","170ba0ea99a0f3ee8cf8b9ee16f82507ead7471f23c10d954aca61c9eda824ea","13"
"fd5866d2580127142e46b58848da2471488f70c0","android/feature/chat/src/main/kotlin/fr/mina/gateway/feature/chat/MediaPrep.kt","main","kotlin","3433","72","05052def16560bacfd6cb37efd888d6f8bb961be411347788383d78c76e5acdd","4"
"fd5866d2580127142e46b58848da2471488f70c0","android/feature/chat/src/main/kotlin/fr/mina/gateway/feature/chat/MinaChatTheme.kt","main","kotlin","2809","77","db7b63ae7f7c804bdfc2b4b3faff8c409e5086b2a6d96cf6c71166df37d2c1f4","1"
"fd5866d2580127142e46b58848da2471488f70c0","android/feature/chat/src/main/kotlin/fr/mina/gateway/feature/chat/VoiceNoteRecorder.kt","main","kotlin","3438","91","2181f845c771cea616a1041a018c62c59c7653993016ab6a191097929574c8c2","4"
"fd5866d2580127142e46b58848da2471488f70c0","android/feature/voice/src/main/kotlin/fr/mina/gateway/feature/voice/VoiceDictation.kt","main","kotlin","3890","90","b411d6f2e6dd1e77da638dff4eb225d493e908aba41f01170f2fcba3946d70f3","14"
