"audit_sha","module","source_set","index","language","kind","name","line","detection"
"fd5866d2580127142e46b58848da2471488f70c0","android/app/src/androidTest/kotlin/fr/mina/gateway/messaging/storage/RoomMessagingSecretStoreTest.kt","androidTest","1","kotlin","fun_declaration","closeDatabase","28","sanitized_regex"
"fd5866d2580127142e46b58848da2471488f70c0","android/app/src/androidTest/kotlin/fr/mina/gateway/messaging/storage/RoomMessagingSecretStoreTest.kt","androidTest","2","kotlin","fun_declaration","storesTokenAndOwnerIdentityOnlyAsCiphertext","31","sanitized_regex"
"fd5866d2580127142e46b58848da2471488f70c0","android/app/src/androidTest/kotlin/fr/mina/gateway/messaging/storage/RoomMessagingSecretStoreTest.kt","androidTest","3","kotlin","fun_declaration","androidKeystoreCipherRoundTripsWithoutEmbeddingPlaintext","54","sanitized_regex"
"fd5866d2580127142e46b58848da2471488f70c0","android/app/src/androidTest/kotlin/fr/mina/gateway/messaging/storage/RoomMessagingSecretStoreTest.kt","androidTest","4","kotlin","fun_declaration","persistsInboundSmsIdempotentlyWithEncryptedSenderAndBody","64","sanitized_regex"
"fd5866d2580127142e46b58848da2471488f70c0","android/app/src/androidTest/kotlin/fr/mina/gateway/messaging/storage/RoomMessagingSecretStoreTest.kt","androidTest","5","kotlin","fun_declaration","provisionsAndReloadsOwnerAndTelegramTokenThroughEncryptedRoom","78","sanitized_regex"
"fd5866d2580127142e46b58848da2471488f70c0","android/app/src/androidTest/kotlin/fr/mina/gateway/messaging/storage/RoomMessagingSecretStoreTest.kt","androidTest","6","kotlin","fun_declaration","startsGatewayServiceOnlyFromTheApplicationUid","94","sanitized_regex"
"fd5866d2580127142e46b58848da2471488f70c0","android/app/src/androidTest/kotlin/fr/mina/gateway/messaging/storage/RoomMessagingSecretStoreTest.kt","androidTest","7","kotlin","fun_declaration","blindIndex","114","sanitized_regex"
"fd5866d2580127142e46b58848da2471488f70c0","android/app/src/androidTest/kotlin/fr/mina/gateway/messaging/storage/RoomMessagingSecretStoreTest.kt","androidTest","8","kotlin","fun_declaration","encrypt","116","sanitized_regex"
"fd5866d2580127142e46b58848da2471488f70c0","android/app/src/androidTest/kotlin/fr/mina/gateway/messaging/storage/RoomMessagingSecretStoreTest.kt","androidTest","9","kotlin","fun_declaration","decrypt","119","sanitized_regex"
"fd5866d2580127142e46b58848da2471488f70c0","android/app/src/main/java/fr/mina/gateway/messaging/storage/EncryptedMessageEntity.java","main","1","java","constructor","EncryptedMessageEntity","38","sanitized_regex"
"fd5866d2580127142e46b58848da2471488f70c0","android/app/src/main/java/fr/mina/gateway/messaging/storage/EncryptedSecretEntity.java","main","1","java","constructor","EncryptedSecretEntity","26","sanitized_regex"
"fd5866d2580127142e46b58848da2471488f70c0","android/app/src/main/java/fr/mina/gateway/messaging/storage/MessagingDatabase.java","main","1","java","method_declaration","secretDao","17","sanitized_regex"
"fd5866d2580127142e46b58848da2471488f70c0","android/app/src/main/java/fr/mina/gateway/messaging/storage/MessagingDatabase.java","main","2","java","method_declaration","messageDao","18","sanitized_regex"
"fd5866d2580127142e46b58848da2471488f70c0","android/app/src/main/java/fr/mina/gateway/messaging/storage/MessagingDatabase.java","main","3","java","method_declaration","open","20","sanitized_regex"
"fd5866d2580127142e46b58848da2471488f70c0","android/app/src/main/java/fr/mina/gateway/messaging/storage/MessagingMessageDao.java","main","1","java","method_declaration","insert","13","sanitized_regex"
"fd5866d2580127142e46b58848da2471488f70c0","android/app/src/main/java/fr/mina/gateway/messaging/storage/MessagingMessageDao.java","main","2","java","method_declaration","byState","16","sanitized_regex"
"fd5866d2580127142e46b58848da2471488f70c0","android/app/src/main/java/fr/mina/gateway/messaging/storage/MessagingMessageDao.java","main","3","java","method_declaration","updateState","19","sanitized_regex"
"fd5866d2580127142e46b58848da2471488f70c0","android/app/src/main/java/fr/mina/gateway/messaging/storage/MessagingMessageDao.java","main","4","java","method_declaration","acknowledge","22","sanitized_regex"
"fd5866d2580127142e46b58848da2471488f70c0","android/app/src/main/java/fr/mina/gateway/messaging/storage/MessagingMessageDao.java","main","5","java","method_declaration","allForTest","25","sanitized_regex"
"fd5866d2580127142e46b58848da2471488f70c0","android/app/src/main/java/fr/mina/gateway/messaging/storage/MessagingSecretDao.java","main","1","java","method_declaration","upsert","13","sanitized_regex"
"fd5866d2580127142e46b58848da2471488f70c0","android/app/src/main/java/fr/mina/gateway/messaging/storage/MessagingSecretDao.java","main","2","java","method_declaration","find","16","sanitized_regex"
"fd5866d2580127142e46b58848da2471488f70c0","android/app/src/main/java/fr/mina/gateway/messaging/storage/MessagingSecretDao.java","main","3","java","method_declaration","count","19","sanitized_regex"
"fd5866d2580127142e46b58848da2471488f70c0","android/app/src/main/java/fr/mina/gateway/messaging/storage/MessagingSecretDao.java","main","4","java","method_declaration","delete","22","sanitized_regex"
"fd5866d2580127142e46b58848da2471488f70c0","android/app/src/main/java/fr/mina/gateway/messaging/storage/MessagingSecretDao.java","main","5","java","method_declaration","allForTest","25","sanitized_regex"
"fd5866d2580127142e46b58848da2471488f70c0","android/app/src/main/kotlin/fr/mina/gateway/AideActivity.kt","main","1","kotlin","fun_declaration","onCreate","30","sanitized_regex"
"fd5866d2580127142e46b58848da2471488f70c0","android/app/src/main/kotlin/fr/mina/gateway/AideActivity.kt","main","2","kotlin","fun_declaration","AideScreen","103","sanitized_regex"
"fd5866d2580127142e46b58848da2471488f70c0","android/app/src/main/kotlin/fr/mina/gateway/BiometricLock.kt","main","1","kotlin","fun_declaration","isLocked","22","sanitized_regex"
"fd5866d2580127142e46b58848da2471488f70c0","android/app/src/main/kotlin/fr/mina/gateway/BiometricLock.kt","main","2","kotlin","fun_declaration","canAuthenticateBiometric","30","sanitized_regex"
"fd5866d2580127142e46b58848da2471488f70c0","android/app/src/main/kotlin/fr/mina/gateway/BiometricLock.kt","main","3","kotlin","fun_declaration","promptBiometricUnlock","34","sanitized_regex"
"fd5866d2580127142e46b58848da2471488f70c0","android/app/src/main/kotlin/fr/mina/gateway/BiometricLock.kt","main","4","kotlin","fun_declaration","onAuthenticationSucceeded","39","sanitized_regex"
"fd5866d2580127142e46b58848da2471488f70c0","android/app/src/main/kotlin/fr/mina/gateway/BiometricLock.kt","main","5","kotlin","fun_declaration","onAuthenticationError","40","sanitized_regex"
"fd5866d2580127142e46b58848da2471488f70c0","android/app/src/main/kotlin/fr/mina/gateway/ChatActivity.kt","main","1","kotlin","fun_declaration","onCreate","35","sanitized_regex"
"fd5866d2580127142e46b58848da2471488f70c0","android/app/src/main/kotlin/fr/mina/gateway/ChatActivity.kt","main","2","kotlin","fun_declaration","requestUnlock","57","sanitized_regex"
"fd5866d2580127142e46b58848da2471488f70c0","android/app/src/main/kotlin/fr/mina/gateway/ChatActivity.kt","main","3","kotlin","fun_declaration","onStart","61","sanitized_regex"
"fd5866d2580127142e46b58848da2471488f70c0","android/app/src/main/kotlin/fr/mina/gateway/ChatActivity.kt","main","4","kotlin","fun_declaration","onStop","66","sanitized_regex"
"fd5866d2580127142e46b58848da2471488f70c0","android/app/src/main/kotlin/fr/mina/gateway/ChatActivity.kt","main","5","kotlin","fun_declaration","BiometricLockScreen","73","sanitized_regex"
"fd5866d2580127142e46b58848da2471488f70c0","android/app/src/main/kotlin/fr/mina/gateway/MainActivity.kt","main","1","kotlin","fun_declaration","onCreate","78","sanitized_regex"
"fd5866d2580127142e46b58848da2471488f70c0","android/app/src/main/kotlin/fr/mina/gateway/MainActivity.kt","main","2","kotlin","fun_declaration","onNewIntent","110","sanitized_regex"
"fd5866d2580127142e46b58848da2471488f70c0","android/app/src/main/kotlin/fr/mina/gateway/MainActivity.kt","main","3","kotlin","fun_declaration","loadSavedProvisioningState","118","sanitized_regex"
"fd5866d2580127142e46b58848da2471488f70c0","android/app/src/main/kotlin/fr/mina/gateway/MainActivity.kt","main","4","kotlin","fun_declaration","provision","145","sanitized_regex"
"fd5866d2580127142e46b58848da2471488f70c0","android/app/src/main/kotlin/fr/mina/gateway/MainActivity.kt","main","5","kotlin","fun_declaration","removeGateway","185","sanitized_regex"
"fd5866d2580127142e46b58848da2471488f70c0","android/app/src/main/kotlin/fr/mina/gateway/MainActivity.kt","main","6","kotlin","fun_declaration","setBiometricLock","206","sanitized_regex"
"fd5866d2580127142e46b58848da2471488f70c0","android/app/src/main/kotlin/fr/mina/gateway/MainActivity.kt","main","7","kotlin","fun_declaration","requestMessagingPermissions","211","sanitized_regex"
"fd5866d2580127142e46b58848da2471488f70c0","android/app/src/main/kotlin/fr/mina/gateway/MainActivity.kt","main","8","kotlin","fun_declaration","onRequestPermissionsResult","223","sanitized_regex"
"fd5866d2580127142e46b58848da2471488f70c0","android/app/src/main/kotlin/fr/mina/gateway/MainActivity.kt","main","9","kotlin","fun_declaration","handleCameraIntent","233","sanitized_regex"
"fd5866d2580127142e46b58848da2471488f70c0","android/app/src/main/kotlin/fr/mina/gateway/MainActivity.kt","main","10","kotlin","fun_declaration","startCameraStream","250","sanitized_regex"
"fd5866d2580127142e46b58848da2471488f70c0","android/app/src/main/kotlin/fr/mina/gateway/MainActivity.kt","main","11","kotlin","fun_declaration","startGatewayService","257","sanitized_regex"
"fd5866d2580127142e46b58848da2471488f70c0","android/app/src/main/kotlin/fr/mina/gateway/MainActivity.kt","main","12","kotlin","fun_declaration","restartGatewayService","261","sanitized_regex"
"fd5866d2580127142e46b58848da2471488f70c0","android/app/src/main/kotlin/fr/mina/gateway/MainActivity.kt","main","13","kotlin","fun_declaration","smsPermissionStatus","266","sanitized_regex"
"fd5866d2580127142e46b58848da2471488f70c0","android/app/src/main/kotlin/fr/mina/gateway/MainActivity.kt","main","14","kotlin","fun_declaration","writeIdentityProof","271","sanitized_regex"
"fd5866d2580127142e46b58848da2471488f70c0","android/app/src/main/kotlin/fr/mina/gateway/MainActivity.kt","main","15","kotlin","fun_declaration","ProvisioningHome","300","sanitized_regex"
"fd5866d2580127142e46b58848da2471488f70c0","android/app/src/main/kotlin/fr/mina/gateway/MainActivity.kt","main","16","kotlin","fun_declaration","SecurityCard","333","sanitized_regex"
"fd5866d2580127142e46b58848da2471488f70c0","android/app/src/main/kotlin/fr/mina/gateway/MainActivity.kt","main","17","kotlin","fun_declaration","Header","366","sanitized_regex"
"fd5866d2580127142e46b58848da2471488f70c0","android/app/src/main/kotlin/fr/mina/gateway/MainActivity.kt","main","18","kotlin","fun_declaration","ConversationCard","387","sanitized_regex"
"fd5866d2580127142e46b58848da2471488f70c0","android/app/src/main/kotlin/fr/mina/gateway/MainActivity.kt","main","19","kotlin","fun_declaration","GatewayCard","410","sanitized_regex"
"fd5866d2580127142e46b58848da2471488f70c0","android/app/src/main/kotlin/fr/mina/gateway/MainActivity.kt","main","20","kotlin","fun_declaration","FooterNote","479","sanitized_regex"
"fd5866d2580127142e46b58848da2471488f70c0","android/app/src/main/kotlin/fr/mina/gateway/ProvisioningStatus.kt","main","1","kotlin","fun_declaration","shouldReplaceTelegramToken","9","sanitized_regex"
"fd5866d2580127142e46b58848da2471488f70c0","android/app/src/main/kotlin/fr/mina/gateway/ProvisioningStatus.kt","main","2","kotlin","fun_declaration","provisioningStatusText","15","sanitized_regex"
"fd5866d2580127142e46b58848da2471488f70c0","android/app/src/main/kotlin/fr/mina/gateway/chat/ChatNotifier.kt","main","1","kotlin","fun_declaration","ensureChannel","24","sanitized_regex"
"fd5866d2580127142e46b58848da2471488f70c0","android/app/src/main/kotlin/fr/mina/gateway/chat/ChatNotifier.kt","main","2","kotlin","fun_declaration","notifyReply","36","sanitized_regex"
"fd5866d2580127142e46b58848da2471488f70c0","android/app/src/main/kotlin/fr/mina/gateway/chat/ChatSyncWorker.kt","main","1","kotlin","fun_declaration","doWork","19","sanitized_regex"
"fd5866d2580127142e46b58848da2471488f70c0","android/app/src/main/kotlin/fr/mina/gateway/chat/ChatSyncWorker.kt","main","2","kotlin","fun_declaration","ensureScheduled","28","sanitized_regex"
"fd5866d2580127142e46b58848da2471488f70c0","android/app/src/main/kotlin/fr/mina/gateway/chat/MinaChatMessagingService.kt","main","1","kotlin","fun_declaration","onMessageReceived","19","sanitized_regex"
"fd5866d2580127142e46b58848da2471488f70c0","android/app/src/main/kotlin/fr/mina/gateway/chat/MinaChatMessagingService.kt","main","2","kotlin","fun_declaration","onNewToken","26","sanitized_regex"
"fd5866d2580127142e46b58848da2471488f70c0","android/app/src/main/kotlin/fr/mina/gateway/messaging/AndroidSmsCommandDispatcher.kt","main","1","kotlin","fun_declaration","dispatch","14","sanitized_regex"
"fd5866d2580127142e46b58848da2471488f70c0","android/app/src/main/kotlin/fr/mina/gateway/messaging/GatewayBootReceiver.kt","main","1","kotlin","fun_declaration","onReceive","8","sanitized_regex"
"fd5866d2580127142e46b58848da2471488f70c0","android/app/src/main/kotlin/fr/mina/gateway/messaging/GatewayKeepaliveReceiver.kt","main","1","kotlin","fun_declaration","onReceive","8","sanitized_regex"
"fd5866d2580127142e46b58848da2471488f70c0","android/app/src/main/kotlin/fr/mina/gateway/messaging/MessagePullFileProcessor.kt","main","1","kotlin","fun_declaration","pending","17","sanitized_regex"
"fd5866d2580127142e46b58848da2471488f70c0","android/app/src/main/kotlin/fr/mina/gateway/messaging/MessagePullFileProcessor.kt","main","2","kotlin","fun_declaration","acknowledge","18","sanitized_regex"
"fd5866d2580127142e46b58848da2471488f70c0","android/app/src/main/kotlin/fr/mina/gateway/messaging/MessagePullFileProcessor.kt","main","3","kotlin","fun_declaration","send","22","sanitized_regex"
"fd5866d2580127142e46b58848da2471488f70c0","android/app/src/main/kotlin/fr/mina/gateway/messaging/MessagePullFileProcessor.kt","main","4","kotlin","fun_declaration","processPending","34","sanitized_regex"
"fd5866d2580127142e46b58848da2471488f70c0","android/app/src/main/kotlin/fr/mina/gateway/messaging/MessagePullFileProcessor.kt","main","5","kotlin","fun_declaration","process","44","sanitized_regex"
"fd5866d2580127142e46b58848da2471488f70c0","android/app/src/main/kotlin/fr/mina/gateway/messaging/MessagePullFileProcessor.kt","main","6","kotlin","fun_declaration","pull","73","sanitized_regex"
"fd5866d2580127142e46b58848da2471488f70c0","android/app/src/main/kotlin/fr/mina/gateway/messaging/MessagePullFileProcessor.kt","main","7","kotlin","fun_declaration","ack","91","sanitized_regex"
"fd5866d2580127142e46b58848da2471488f70c0","android/app/src/main/kotlin/fr/mina/gateway/messaging/MessagePullFileProcessor.kt","main","8","kotlin","fun_declaration","sendTelegram","97","sanitized_regex"
"fd5866d2580127142e46b58848da2471488f70c0","android/app/src/main/kotlin/fr/mina/gateway/messaging/MessagePullFileProcessor.kt","main","9","kotlin","fun_declaration","parsePull","108","sanitized_regex"
"fd5866d2580127142e46b58848da2471488f70c0","android/app/src/main/kotlin/fr/mina/gateway/messaging/MessagePullFileProcessor.kt","main","10","kotlin","fun_declaration","parseAck","116","sanitized_regex"
"fd5866d2580127142e46b58848da2471488f70c0","android/app/src/main/kotlin/fr/mina/gateway/messaging/MessagePullFileProcessor.kt","main","11","kotlin","fun_declaration","parseTelegramSend","126","sanitized_regex"
"fd5866d2580127142e46b58848da2471488f70c0","android/app/src/main/kotlin/fr/mina/gateway/messaging/MessagePullFileProcessor.kt","main","12","kotlin","fun_declaration","parseCommon","138","sanitized_regex"
"fd5866d2580127142e46b58848da2471488f70c0","android/app/src/main/kotlin/fr/mina/gateway/messaging/MessagePullFileProcessor.kt","main","13","kotlin","fun_declaration","cleanupExpiredReceipts","151","sanitized_regex"
"fd5866d2580127142e46b58848da2471488f70c0","android/app/src/main/kotlin/fr/mina/gateway/messaging/MessagePullFileProcessor.kt","main","14","kotlin","fun_declaration","safeFailureReason","156","sanitized_regex"
"fd5866d2580127142e46b58848da2471488f70c0","android/app/src/main/kotlin/fr/mina/gateway/messaging/MinaGatewayService.kt","main","1","kotlin","fun_declaration","onCreate","33","sanitized_regex"
"fd5866d2580127142e46b58848da2471488f70c0","android/app/src/main/kotlin/fr/mina/gateway/messaging/MinaGatewayService.kt","main","2","kotlin","fun_declaration","onStartCommand","38","sanitized_regex"
"fd5866d2580127142e46b58848da2471488f70c0","android/app/src/main/kotlin/fr/mina/gateway/messaging/MinaGatewayService.kt","main","3","kotlin","fun_declaration","onDestroy","57","sanitized_regex"
"fd5866d2580127142e46b58848da2471488f70c0","android/app/src/main/kotlin/fr/mina/gateway/messaging/MinaGatewayService.kt","main","4","kotlin","fun_declaration","onBind","66","sanitized_regex"
"fd5866d2580127142e46b58848da2471488f70c0","android/app/src/main/kotlin/fr/mina/gateway/messaging/MinaGatewayService.kt","main","5","kotlin","fun_declaration","runPollLoop","68","sanitized_regex"
"fd5866d2580127142e46b58848da2471488f70c0","android/app/src/main/kotlin/fr/mina/gateway/messaging/MinaGatewayService.kt","main","6","kotlin","fun_declaration","runCommandLoop","113","sanitized_regex"
"fd5866d2580127142e46b58848da2471488f70c0","android/app/src/main/kotlin/fr/mina/gateway/messaging/MinaGatewayService.kt","main","7","kotlin","fun_declaration","pending","121","sanitized_regex"
"fd5866d2580127142e46b58848da2471488f70c0","android/app/src/main/kotlin/fr/mina/gateway/messaging/MinaGatewayService.kt","main","8","kotlin","fun_declaration","acknowledge","122","sanitized_regex"
"fd5866d2580127142e46b58848da2471488f70c0","android/app/src/main/kotlin/fr/mina/gateway/messaging/MinaGatewayService.kt","main","9","kotlin","fun_declaration","notification","145","sanitized_regex"
"fd5866d2580127142e46b58848da2471488f70c0","android/app/src/main/kotlin/fr/mina/gateway/messaging/MinaGatewayService.kt","main","10","kotlin","fun_declaration","createNotificationChannel","168","sanitized_regex"
"fd5866d2580127142e46b58848da2471488f70c0","android/app/src/main/kotlin/fr/mina/gateway/messaging/MinaGatewayService.kt","main","11","kotlin","fun_declaration","updateNotification","175","sanitized_regex"
"fd5866d2580127142e46b58848da2471488f70c0","android/app/src/main/kotlin/fr/mina/gateway/messaging/OwnerIdentity.kt","main","1","kotlin","fun_declaration","ownsPhone","12","sanitized_regex"
"fd5866d2580127142e46b58848da2471488f70c0","android/app/src/main/kotlin/fr/mina/gateway/messaging/OwnerIdentity.kt","main","2","kotlin","fun_declaration","ownsTelegram","13","sanitized_regex"
"fd5866d2580127142e46b58848da2471488f70c0","android/app/src/main/kotlin/fr/mina/gateway/messaging/PhoneNumberNormalizer.kt","main","1","kotlin","fun_declaration","toE164","7","sanitized_regex"
"fd5866d2580127142e46b58848da2471488f70c0","android/app/src/main/kotlin/fr/mina/gateway/messaging/SmsBroadcastReceiver.kt","main","1","kotlin","fun_declaration","onReceive","12","sanitized_regex"
"fd5866d2580127142e46b58848da2471488f70c0","android/app/src/main/kotlin/fr/mina/gateway/messaging/SmsCommand.kt","main","1","kotlin","fun_declaration","parse","19","sanitized_regex"
"fd5866d2580127142e46b58848da2471488f70c0","android/app/src/main/kotlin/fr/mina/gateway/messaging/SmsCommandFileProcessor.kt","main","1","kotlin","fun_declaration","dispatch","8","sanitized_regex"
"fd5866d2580127142e46b58848da2471488f70c0","android/app/src/main/kotlin/fr/mina/gateway/messaging/SmsCommandFileProcessor.kt","main","2","kotlin","fun_declaration","toJson","18","sanitized_regex"
"fd5866d2580127142e46b58848da2471488f70c0","android/app/src/main/kotlin/fr/mina/gateway/messaging/SmsCommandFileProcessor.kt","main","3","kotlin","fun_declaration","processPending","34","sanitized_regex"
"fd5866d2580127142e46b58848da2471488f70c0","android/app/src/main/kotlin/fr/mina/gateway/messaging/SmsCommandFileProcessor.kt","main","4","kotlin","fun_declaration","process","43","sanitized_regex"
"fd5866d2580127142e46b58848da2471488f70c0","android/app/src/main/kotlin/fr/mina/gateway/messaging/SmsGateway.kt","main","1","kotlin","fun_declaration","draftReply","24","sanitized_regex"
"fd5866d2580127142e46b58848da2471488f70c0","android/app/src/main/kotlin/fr/mina/gateway/messaging/SmsGateway.kt","main","2","kotlin","fun_declaration","setAutoSend","31","sanitized_regex"
"fd5866d2580127142e46b58848da2471488f70c0","android/app/src/main/kotlin/fr/mina/gateway/messaging/SmsGateway.kt","main","3","kotlin","fun_declaration","requestSend","38","sanitized_regex"
"fd5866d2580127142e46b58848da2471488f70c0","android/app/src/main/kotlin/fr/mina/gateway/messaging/SmsGateway.kt","main","4","kotlin","fun_declaration","confirmSend","45","sanitized_regex"
"fd5866d2580127142e46b58848da2471488f70c0","android/app/src/main/kotlin/fr/mina/gateway/messaging/SmsGateway.kt","main","5","kotlin","fun_declaration","send","51","sanitized_regex"
"fd5866d2580127142e46b58848da2471488f70c0","android/app/src/main/kotlin/fr/mina/gateway/messaging/SmsGateway.kt","main","6","kotlin","fun_declaration","recognizesOwnerNumber","60","sanitized_regex"
"fd5866d2580127142e46b58848da2471488f70c0","android/app/src/main/kotlin/fr/mina/gateway/messaging/SmsGateway.kt","main","7","kotlin","fun_declaration","allowsCapability","62","sanitized_regex"
"fd5866d2580127142e46b58848da2471488f70c0","android/app/src/main/kotlin/fr/mina/gateway/messaging/SmsMessageAssembler.kt","main","1","kotlin","fun_declaration","assemble","8","sanitized_regex"
"fd5866d2580127142e46b58848da2471488f70c0","android/app/src/main/kotlin/fr/mina/gateway/messaging/TelegramApiClient.kt","main","1","kotlin","fun_declaration","post","9","sanitized_regex"
"fd5866d2580127142e46b58848da2471488f70c0","android/app/src/main/kotlin/fr/mina/gateway/messaging/TelegramApiClient.kt","main","2","kotlin","fun_declaration","getUpdates","22","sanitized_regex"
"fd5866d2580127142e46b58848da2471488f70c0","android/app/src/main/kotlin/fr/mina/gateway/messaging/TelegramApiClient.kt","main","3","kotlin","fun_declaration","sendMessage","40","sanitized_regex"
"fd5866d2580127142e46b58848da2471488f70c0","android/app/src/main/kotlin/fr/mina/gateway/messaging/TelegramApiClient.kt","main","4","kotlin","fun_declaration","methodPath","52","sanitized_regex"
"fd5866d2580127142e46b58848da2471488f70c0","android/app/src/main/kotlin/fr/mina/gateway/messaging/TelegramApiClient.kt","main","5","kotlin","fun_declaration","validateToken","55","sanitized_regex"
"fd5866d2580127142e46b58848da2471488f70c0","android/app/src/main/kotlin/fr/mina/gateway/messaging/TelegramApiClient.kt","main","6","kotlin","fun_declaration","post","70","sanitized_regex"
"fd5866d2580127142e46b58848da2471488f70c0","android/app/src/main/kotlin/fr/mina/gateway/messaging/TelegramGateway.kt","main","1","kotlin","fun_declaration","put","4","sanitized_regex"
"fd5866d2580127142e46b58848da2471488f70c0","android/app/src/main/kotlin/fr/mina/gateway/messaging/TelegramGateway.kt","main","2","kotlin","fun_declaration","get","5","sanitized_regex"
"fd5866d2580127142e46b58848da2471488f70c0","android/app/src/main/kotlin/fr/mina/gateway/messaging/TelegramGateway.kt","main","3","kotlin","fun_declaration","has","6","sanitized_regex"
"fd5866d2580127142e46b58848da2471488f70c0","android/app/src/main/kotlin/fr/mina/gateway/messaging/TelegramGateway.kt","main","4","kotlin","fun_declaration","remove","7","sanitized_regex"
"fd5866d2580127142e46b58848da2471488f70c0","android/app/src/main/kotlin/fr/mina/gateway/messaging/TelegramGateway.kt","main","5","kotlin","fun_declaration","provisionToken","16","sanitized_regex"
"fd5866d2580127142e46b58848da2471488f70c0","android/app/src/main/kotlin/fr/mina/gateway/messaging/TelegramGateway.kt","main","6","kotlin","fun_declaration","enableCapabilities","24","sanitized_regex"
"fd5866d2580127142e46b58848da2471488f70c0","android/app/src/main/kotlin/fr/mina/gateway/messaging/TelegramGateway.kt","main","7","kotlin","fun_declaration","allows","32","sanitized_regex"
"fd5866d2580127142e46b58848da2471488f70c0","android/app/src/main/kotlin/fr/mina/gateway/messaging/TelegramPoller.kt","main","1","kotlin","fun_declaration","poll","4","sanitized_regex"
"fd5866d2580127142e46b58848da2471488f70c0","android/app/src/main/kotlin/fr/mina/gateway/messaging/TelegramPoller.kt","main","2","kotlin","fun_declaration","persist","8","sanitized_regex"
"fd5866d2580127142e46b58848da2471488f70c0","android/app/src/main/kotlin/fr/mina/gateway/messaging/TelegramPoller.kt","main","3","kotlin","fun_declaration","load","12","sanitized_regex"
"fd5866d2580127142e46b58848da2471488f70c0","android/app/src/main/kotlin/fr/mina/gateway/messaging/TelegramPoller.kt","main","4","kotlin","fun_declaration","save","13","sanitized_regex"
"fd5866d2580127142e46b58848da2471488f70c0","android/app/src/main/kotlin/fr/mina/gateway/messaging/TelegramPoller.kt","main","5","kotlin","fun_declaration","pollOnce","23","sanitized_regex"
"fd5866d2580127142e46b58848da2471488f70c0","android/app/src/main/kotlin/fr/mina/gateway/messaging/TelegramPoller.kt","main","6","kotlin","fun_declaration","poll","45","sanitized_regex"
"fd5866d2580127142e46b58848da2471488f70c0","android/app/src/main/kotlin/fr/mina/gateway/messaging/TelegramUpdateParser.kt","main","1","kotlin","fun_declaration","parseResponse","15","sanitized_regex"
"fd5866d2580127142e46b58848da2471488f70c0","android/app/src/main/kotlin/fr/mina/gateway/messaging/storage/AndroidKeystoreFieldCipher.kt","main","1","kotlin","fun_declaration","blindIndex","17","sanitized_regex"
"fd5866d2580127142e46b58848da2471488f70c0","android/app/src/main/kotlin/fr/mina/gateway/messaging/storage/AndroidKeystoreFieldCipher.kt","main","2","kotlin","fun_declaration","encrypt","23","sanitized_regex"
"fd5866d2580127142e46b58848da2471488f70c0","android/app/src/main/kotlin/fr/mina/gateway/messaging/storage/AndroidKeystoreFieldCipher.kt","main","3","kotlin","fun_declaration","decrypt","42","sanitized_regex"
"fd5866d2580127142e46b58848da2471488f70c0","android/app/src/main/kotlin/fr/mina/gateway/messaging/storage/AndroidKeystoreFieldCipher.kt","main","4","kotlin","fun_declaration","aesKey","61","sanitized_regex"
"fd5866d2580127142e46b58848da2471488f70c0","android/app/src/main/kotlin/fr/mina/gateway/messaging/storage/AndroidKeystoreFieldCipher.kt","main","5","kotlin","fun_declaration","hmacKey","79","sanitized_regex"
"fd5866d2580127142e46b58848da2471488f70c0","android/app/src/main/kotlin/fr/mina/gateway/messaging/storage/AndroidKeystoreFieldCipher.kt","main","6","kotlin","fun_declaration","key","93","sanitized_regex"
"fd5866d2580127142e46b58848da2471488f70c0","android/app/src/main/kotlin/fr/mina/gateway/messaging/storage/AndroidKeystoreFieldCipher.kt","main","7","kotlin","fun_declaration","encode","98","sanitized_regex"
"fd5866d2580127142e46b58848da2471488f70c0","android/app/src/main/kotlin/fr/mina/gateway/messaging/storage/EncryptedMessageRepository.kt","main","1","kotlin","fun_declaration","storeInboundSms","10","sanitized_regex"
"fd5866d2580127142e46b58848da2471488f70c0","android/app/src/main/kotlin/fr/mina/gateway/messaging/storage/EncryptedMessageRepository.kt","main","2","kotlin","fun_declaration","storeInboundTelegram","17","sanitized_regex"
"fd5866d2580127142e46b58848da2471488f70c0","android/app/src/main/kotlin/fr/mina/gateway/messaging/storage/EncryptedMessageRepository.kt","main","3","kotlin","fun_declaration","storeOutboundSms","31","sanitized_regex"
"fd5866d2580127142e46b58848da2471488f70c0","android/app/src/main/kotlin/fr/mina/gateway/messaging/storage/EncryptedMessageRepository.kt","main","4","kotlin","fun_declaration","updateState","46","sanitized_regex"
"fd5866d2580127142e46b58848da2471488f70c0","android/app/src/main/kotlin/fr/mina/gateway/messaging/storage/EncryptedMessageRepository.kt","main","5","kotlin","fun_declaration","pending","51","sanitized_regex"
"fd5866d2580127142e46b58848da2471488f70c0","android/app/src/main/kotlin/fr/mina/gateway/messaging/storage/EncryptedMessageRepository.kt","main","6","kotlin","fun_declaration","acknowledge","71","sanitized_regex"
"fd5866d2580127142e46b58848da2471488f70c0","android/app/src/main/kotlin/fr/mina/gateway/messaging/storage/EncryptedMessageRepository.kt","main","7","kotlin","fun_declaration","store","77","sanitized_regex"
"fd5866d2580127142e46b58848da2471488f70c0","android/app/src/main/kotlin/fr/mina/gateway/messaging/storage/EncryptedOwnerIdentityStore.kt","main","1","kotlin","fun_declaration","save","8","sanitized_regex"
"fd5866d2580127142e46b58848da2471488f70c0","android/app/src/main/kotlin/fr/mina/gateway/messaging/storage/EncryptedOwnerIdentityStore.kt","main","2","kotlin","fun_declaration","clear","16","sanitized_regex"
"fd5866d2580127142e46b58848da2471488f70c0","android/app/src/main/kotlin/fr/mina/gateway/messaging/storage/EncryptedOwnerIdentityStore.kt","main","3","kotlin","fun_declaration","load","21","sanitized_regex"
"fd5866d2580127142e46b58848da2471488f70c0","android/app/src/main/kotlin/fr/mina/gateway/messaging/storage/EncryptedTelegramOffsetStore.kt","main","1","kotlin","fun_declaration","load","7","sanitized_regex"
"fd5866d2580127142e46b58848da2471488f70c0","android/app/src/main/kotlin/fr/mina/gateway/messaging/storage/EncryptedTelegramOffsetStore.kt","main","2","kotlin","fun_declaration","save","16","sanitized_regex"
"fd5866d2580127142e46b58848da2471488f70c0","android/app/src/main/kotlin/fr/mina/gateway/messaging/storage/MessagingFieldCipher.kt","main","1","kotlin","fun_declaration","blindIndex","4","sanitized_regex"
"fd5866d2580127142e46b58848da2471488f70c0","android/app/src/main/kotlin/fr/mina/gateway/messaging/storage/MessagingFieldCipher.kt","main","2","kotlin","fun_declaration","encrypt","5","sanitized_regex"
"fd5866d2580127142e46b58848da2471488f70c0","android/app/src/main/kotlin/fr/mina/gateway/messaging/storage/MessagingFieldCipher.kt","main","3","kotlin","fun_declaration","decrypt","6","sanitized_regex"
"fd5866d2580127142e46b58848da2471488f70c0","android/app/src/main/kotlin/fr/mina/gateway/messaging/storage/RoomMessagingSecretStore.kt","main","1","kotlin","fun_declaration","put","9","sanitized_regex"
"fd5866d2580127142e46b58848da2471488f70c0","android/app/src/main/kotlin/fr/mina/gateway/messaging/storage/RoomMessagingSecretStore.kt","main","2","kotlin","fun_declaration","get","26","sanitized_regex"
"fd5866d2580127142e46b58848da2471488f70c0","android/app/src/main/kotlin/fr/mina/gateway/messaging/storage/RoomMessagingSecretStore.kt","main","3","kotlin","fun_declaration","has","32","sanitized_regex"
"fd5866d2580127142e46b58848da2471488f70c0","android/app/src/main/kotlin/fr/mina/gateway/messaging/storage/RoomMessagingSecretStore.kt","main","4","kotlin","fun_declaration","remove","37","sanitized_regex"
"fd5866d2580127142e46b58848da2471488f70c0","android/app/src/main/kotlin/fr/mina/gateway/messaging/storage/RoomMessagingSecretStore.kt","main","5","kotlin","fun_declaration","validateName","42","sanitized_regex"
"fd5866d2580127142e46b58848da2471488f70c0","android/app/src/test/kotlin/fr/mina/gateway/BiometricGateTest.kt","test","1","kotlin","fun_declaration","locked_only_when_enabled_capable_and_not_yet_unlocked","8","sanitized_regex"
"fd5866d2580127142e46b58848da2471488f70c0","android/app/src/test/kotlin/fr/mina/gateway/BiometricGateTest.kt","test","2","kotlin","fun_declaration","never_locks_out_when_no_biometric_enrolled","13","sanitized_regex"
"fd5866d2580127142e46b58848da2471488f70c0","android/app/src/test/kotlin/fr/mina/gateway/BiometricGateTest.kt","test","3","kotlin","fun_declaration","disabled_lock_never_hides_content","18","sanitized_regex"
"fd5866d2580127142e46b58848da2471488f70c0","android/app/src/test/kotlin/fr/mina/gateway/ProvisioningStatusTest.kt","test","1","kotlin","fun_declaration","reportsNonConfigureWhenNothingSavedYet","8","sanitized_regex"
"fd5866d2580127142e46b58848da2471488f70c0","android/app/src/test/kotlin/fr/mina/gateway/ProvisioningStatusTest.kt","test","2","kotlin","fun_declaration","reportsConfiguredAndRunningWhenIdentityAndTokenAreBothSaved","16","sanitized_regex"
"fd5866d2580127142e46b58848da2471488f70c0","android/app/src/test/kotlin/fr/mina/gateway/ProvisioningStatusTest.kt","test","3","kotlin","fun_declaration","reportsPartialStateWhenIdentitySavedButTokenMissing","24","sanitized_regex"
"fd5866d2580127142e46b58848da2471488f70c0","android/app/src/test/kotlin/fr/mina/gateway/ProvisioningStatusTest.kt","test","4","kotlin","fun_declaration","treatsTokenWithoutIdentityAsNotConfigured","32","sanitized_regex"
"fd5866d2580127142e46b58848da2471488f70c0","android/app/src/test/kotlin/fr/mina/gateway/ProvisioningStatusTest.kt","test","5","kotlin","fun_declaration","keepsAnExistingEncryptedTokenWhenOnlyOwnerIdsAreUpdated","40","sanitized_regex"
"fd5866d2580127142e46b58848da2471488f70c0","android/app/src/test/kotlin/fr/mina/gateway/ProvisioningStatusTest.kt","test","6","kotlin","fun_declaration","refusesAnOwnerUpdateWhenNoTelegramTokenExistsAnywhere","45","sanitized_regex"
"fd5866d2580127142e46b58848da2471488f70c0","android/app/src/test/kotlin/fr/mina/gateway/messaging/MessagePullFileProcessorTest.kt","test","1","kotlin","fun_declaration","returnsPendingMessagesThenAcknowledgesOpaqueIds","12","sanitized_regex"
"fd5866d2580127142e46b58848da2471488f70c0","android/app/src/test/kotlin/fr/mina/gateway/messaging/MessagePullFileProcessorTest.kt","test","2","kotlin","fun_declaration","sendsTelegramReplyOnlyThroughTheBoundedOwnerSender","38","sanitized_regex"
"fd5866d2580127142e46b58848da2471488f70c0","android/app/src/test/kotlin/fr/mina/gateway/messaging/MessagePullFileProcessorTest.kt","test","3","kotlin","fun_declaration","returnsOnlyASafeTechnicalReasonWhenTelegramSendingFails","56","sanitized_regex"
"fd5866d2580127142e46b58848da2471488f70c0","android/app/src/test/kotlin/fr/mina/gateway/messaging/MessagePullFileProcessorTest.kt","test","4","kotlin","fun_declaration","send","78","sanitized_regex"
"fd5866d2580127142e46b58848da2471488f70c0","android/app/src/test/kotlin/fr/mina/gateway/messaging/MessagePullFileProcessorTest.kt","test","5","kotlin","fun_declaration","pending","86","sanitized_regex"
"fd5866d2580127142e46b58848da2471488f70c0","android/app/src/test/kotlin/fr/mina/gateway/messaging/MessagePullFileProcessorTest.kt","test","6","kotlin","fun_declaration","acknowledge","90","sanitized_regex"
"fd5866d2580127142e46b58848da2471488f70c0","android/app/src/test/kotlin/fr/mina/gateway/messaging/MessagingPolicyTest.kt","test","1","kotlin","fun_declaration","smsOnlyDraftsAndRequiresConfirmationUnlessExplicitAutoSendIsEnabled","13","sanitized_regex"
"fd5866d2580127142e46b58848da2471488f70c0","android/app/src/test/kotlin/fr/mina/gateway/messaging/MessagingPolicyTest.kt","test","2","kotlin","fun_declaration","telegramBindsNumericOwnerAndOnlyEnablesLocallyScopedMailOrLowRiskHome","28","sanitized_regex"
"fd5866d2580127142e46b58848da2471488f70c0","android/app/src/test/kotlin/fr/mina/gateway/messaging/SmsCommandParserTest.kt","test","1","kotlin","fun_declaration","acceptsOnlyFreshExplicitlyConfirmedReply","10","sanitized_regex"
"fd5866d2580127142e46b58848da2471488f70c0","android/app/src/test/kotlin/fr/mina/gateway/messaging/SmsCommandParserTest.kt","test","2","kotlin","fun_declaration","rejectsUnconfirmedExpiredOrUnknownCommands","22","sanitized_regex"
"fd5866d2580127142e46b58848da2471488f70c0","android/app/src/test/kotlin/fr/mina/gateway/messaging/SmsCommandParserTest.kt","test","3","kotlin","fun_declaration","fileProcessorDeletesCommandAndWritesNonSensitiveReceipt","35","sanitized_regex"
"fd5866d2580127142e46b58848da2471488f70c0","android/app/src/test/kotlin/fr/mina/gateway/messaging/SmsMessageAssemblerTest.kt","test","1","kotlin","fun_declaration","reconstructsMultipartSmsInOrder","9","sanitized_regex"
"fd5866d2580127142e46b58848da2471488f70c0","android/app/src/test/kotlin/fr/mina/gateway/messaging/SmsMessageAssemblerTest.kt","test","2","kotlin","fun_declaration","rejectsMixedSendersAndOversizedPayloads","23","sanitized_regex"
"fd5866d2580127142e46b58848da2471488f70c0","android/app/src/test/kotlin/fr/mina/gateway/messaging/TelegramApiClientTest.kt","test","1","kotlin","fun_declaration","pollsWithOffsetAndSendsTextWithoutPuttingTokenInBodies","9","sanitized_regex"
"fd5866d2580127142e46b58848da2471488f70c0","android/app/src/test/kotlin/fr/mina/gateway/messaging/TelegramPollerTest.kt","test","1","kotlin","fun_declaration","persistsOnlyOwnerMessagesAndAdvancesOffsetAfterPersistence","8","sanitized_regex"
"fd5866d2580127142e46b58848da2471488f70c0","android/app/src/test/kotlin/fr/mina/gateway/messaging/TelegramPollerTest.kt","test","2","kotlin","fun_declaration","load","20","sanitized_regex"
"fd5866d2580127142e46b58848da2471488f70c0","android/app/src/test/kotlin/fr/mina/gateway/messaging/TelegramPollerTest.kt","test","3","kotlin","fun_declaration","save","21","sanitized_regex"
"fd5866d2580127142e46b58848da2471488f70c0","android/app/src/test/kotlin/fr/mina/gateway/messaging/TelegramPollerTest.kt","test","4","kotlin","fun_declaration","persistsAnUnknownStartAsALocalPairingCandidateWithoutAuthorizingIt","39","sanitized_regex"
"fd5866d2580127142e46b58848da2471488f70c0","android/app/src/test/kotlin/fr/mina/gateway/messaging/TelegramPollerTest.kt","test","5","kotlin","fun_declaration","load","50","sanitized_regex"
"fd5866d2580127142e46b58848da2471488f70c0","android/app/src/test/kotlin/fr/mina/gateway/messaging/TelegramPollerTest.kt","test","6","kotlin","fun_declaration","save","51","sanitized_regex"
"fd5866d2580127142e46b58848da2471488f70c0","android/app/src/test/kotlin/fr/mina/gateway/messaging/TelegramUpdateParserTest.kt","test","1","kotlin","fun_declaration","preservesLargeNumericIdsAndParsesText","8","sanitized_regex"
"fd5866d2580127142e46b58848da2471488f70c0","android/app/src/test/kotlin/fr/mina/gateway/messaging/TelegramUpdateParserTest.kt","test","2","kotlin","fun_declaration","ignoresChannelPostsAndMessagesWithoutSupportedContent","23","sanitized_regex"
"fd5866d2580127142e46b58848da2471488f70c0","android/core/chat/src/main/kotlin/fr/mina/gateway/chat/ChatDatabase.kt","main","1","kotlin","fun_declaration","observeThread","69","sanitized_regex"
"fd5866d2580127142e46b58848da2471488f70c0","android/core/chat/src/main/kotlin/fr/mina/gateway/chat/ChatDatabase.kt","main","2","kotlin","fun_declaration","readThread","72","sanitized_regex"
"fd5866d2580127142e46b58848da2471488f70c0","android/core/chat/src/main/kotlin/fr/mina/gateway/chat/ChatDatabase.kt","main","3","kotlin","fun_declaration","findEvent","75","sanitized_regex"
"fd5866d2580127142e46b58848da2471488f70c0","android/core/chat/src/main/kotlin/fr/mina/gateway/chat/ChatDatabase.kt","main","4","kotlin","fun_declaration","insertEvent","83","sanitized_regex"
"fd5866d2580127142e46b58848da2471488f70c0","android/core/chat/src/main/kotlin/fr/mina/gateway/chat/ChatDatabase.kt","main","5","kotlin","fun_declaration","updateDeliveryState","86","sanitized_regex"
"fd5866d2580127142e46b58848da2471488f70c0","android/core/chat/src/main/kotlin/fr/mina/gateway/chat/ChatDatabase.kt","main","6","kotlin","fun_declaration","purgeExpiredChunks","94","sanitized_regex"
"fd5866d2580127142e46b58848da2471488f70c0","android/core/chat/src/main/kotlin/fr/mina/gateway/chat/ChatDatabase.kt","main","7","kotlin","fun_declaration","enqueue","97","sanitized_regex"
"fd5866d2580127142e46b58848da2471488f70c0","android/core/chat/src/main/kotlin/fr/mina/gateway/chat/ChatDatabase.kt","main","8","kotlin","fun_declaration","dueOutbox","100","sanitized_regex"
"fd5866d2580127142e46b58848da2471488f70c0","android/core/chat/src/main/kotlin/fr/mina/gateway/chat/ChatDatabase.kt","main","9","kotlin","fun_declaration","outboxSize","103","sanitized_regex"
"fd5866d2580127142e46b58848da2471488f70c0","android/core/chat/src/main/kotlin/fr/mina/gateway/chat/ChatDatabase.kt","main","10","kotlin","fun_declaration","dequeue","106","sanitized_regex"
"fd5866d2580127142e46b58848da2471488f70c0","android/core/chat/src/main/kotlin/fr/mina/gateway/chat/ChatDatabase.kt","main","11","kotlin","fun_declaration","rescheduleOutbox","109","sanitized_regex"
"fd5866d2580127142e46b58848da2471488f70c0","android/core/chat/src/main/kotlin/fr/mina/gateway/chat/ChatDatabase.kt","main","12","kotlin","fun_declaration","upsertThread","112","sanitized_regex"
"fd5866d2580127142e46b58848da2471488f70c0","android/core/chat/src/main/kotlin/fr/mina/gateway/chat/ChatDatabase.kt","main","13","kotlin","fun_declaration","observeThreads","115","sanitized_regex"
"fd5866d2580127142e46b58848da2471488f70c0","android/core/chat/src/main/kotlin/fr/mina/gateway/chat/ChatDatabase.kt","main","14","kotlin","fun_declaration","enqueueOutgoing","122","sanitized_regex"
"fd5866d2580127142e46b58848da2471488f70c0","android/core/chat/src/main/kotlin/fr/mina/gateway/chat/ChatDatabase.kt","main","15","kotlin","fun_declaration","chatDao","134","sanitized_regex"
"fd5866d2580127142e46b58848da2471488f70c0","android/core/chat/src/main/kotlin/fr/mina/gateway/chat/ChatEngine.kt","main","1","kotlin","fun_declaration","pcPublicKey","45","sanitized_regex"
"fd5866d2580127142e46b58848da2471488f70c0","android/core/chat/src/main/kotlin/fr/mina/gateway/chat/ChatEngine.kt","main","2","kotlin","fun_declaration","buildHello","68","sanitized_regex"
"fd5866d2580127142e46b58848da2471488f70c0","android/core/chat/src/main/kotlin/fr/mina/gateway/chat/ChatEngine.kt","main","3","kotlin","fun_declaration","installEpoch","83","sanitized_regex"
"fd5866d2580127142e46b58848da2471488f70c0","android/core/chat/src/main/kotlin/fr/mina/gateway/chat/ChatEngine.kt","main","4","kotlin","fun_declaration","relayReady","140","sanitized_regex"
"fd5866d2580127142e46b58848da2471488f70c0","android/core/chat/src/main/kotlin/fr/mina/gateway/chat/ChatEngine.kt","main","5","kotlin","fun_declaration","relayError","142","sanitized_regex"
"fd5866d2580127142e46b58848da2471488f70c0","android/core/chat/src/main/kotlin/fr/mina/gateway/chat/ChatEngine.kt","main","6","kotlin","fun_declaration","lastLinkError","146","sanitized_regex"
"fd5866d2580127142e46b58848da2471488f70c0","android/core/chat/src/main/kotlin/fr/mina/gateway/chat/ChatEngine.kt","main","7","kotlin","fun_declaration","start","148","sanitized_regex"
"fd5866d2580127142e46b58848da2471488f70c0","android/core/chat/src/main/kotlin/fr/mina/gateway/chat/ChatEngine.kt","main","8","kotlin","fun_declaration","stop","162","sanitized_regex"
"fd5866d2580127142e46b58848da2471488f70c0","android/core/chat/src/main/kotlin/fr/mina/gateway/chat/ChatEngine.kt","main","9","kotlin","fun_declaration","syncOnce","173","sanitized_regex"
"fd5866d2580127142e46b58848da2471488f70c0","android/core/chat/src/main/kotlin/fr/mina/gateway/chat/ChatEngine.kt","main","10","kotlin","fun_declaration","acceptFromPc","184","sanitized_regex"
"fd5866d2580127142e46b58848da2471488f70c0","android/core/chat/src/main/kotlin/fr/mina/gateway/chat/ChatEngine.kt","main","11","kotlin","fun_declaration","pair","208","sanitized_regex"
"fd5866d2580127142e46b58848da2471488f70c0","android/core/chat/src/main/kotlin/fr/mina/gateway/chat/ChatEngine.kt","main","12","kotlin","fun_declaration","unpair","214","sanitized_regex"
"fd5866d2580127142e46b58848da2471488f70c0","android/core/chat/src/main/kotlin/fr/mina/gateway/chat/ChatEngine.kt","main","13","kotlin","fun_declaration","get","226","sanitized_regex"
"fd5866d2580127142e46b58848da2471488f70c0","android/core/chat/src/main/kotlin/fr/mina/gateway/chat/ChatKeyVault.kt","main","1","kotlin","fun_declaration","protectionKey","39","sanitized_regex"
"fd5866d2580127142e46b58848da2471488f70c0","android/core/chat/src/main/kotlin/fr/mina/gateway/chat/ChatKeyVault.kt","main","2","kotlin","fun_declaration","currentEpoch","58","sanitized_regex"
"fd5866d2580127142e46b58848da2471488f70c0","android/core/chat/src/main/kotlin/fr/mina/gateway/chat/ChatKeyVault.kt","main","3","kotlin","fun_declaration","epochKey","67","sanitized_regex"
"fd5866d2580127142e46b58848da2471488f70c0","android/core/chat/src/main/kotlin/fr/mina/gateway/chat/ChatKeyVault.kt","main","4","kotlin","fun_declaration","installEpochKey","70","sanitized_regex"
"fd5866d2580127142e46b58848da2471488f70c0","android/core/chat/src/main/kotlin/fr/mina/gateway/chat/ChatKeyVault.kt","main","5","kotlin","fun_declaration","hasKeyFor","77","sanitized_regex"
"fd5866d2580127142e46b58848da2471488f70c0","android/core/chat/src/main/kotlin/fr/mina/gateway/chat/ChatKeyVault.kt","main","6","kotlin","fun_declaration","wipe","80","sanitized_regex"
"fd5866d2580127142e46b58848da2471488f70c0","android/core/chat/src/main/kotlin/fr/mina/gateway/chat/ChatKeyVault.kt","main","7","kotlin","fun_declaration","epochEntry","85","sanitized_regex"
"fd5866d2580127142e46b58848da2471488f70c0","android/core/chat/src/main/kotlin/fr/mina/gateway/chat/ChatKeyVault.kt","main","8","kotlin","fun_declaration","wrap","87","sanitized_regex"
"fd5866d2580127142e46b58848da2471488f70c0","android/core/chat/src/main/kotlin/fr/mina/gateway/chat/ChatKeyVault.kt","main","9","kotlin","fun_declaration","unwrap","95","sanitized_regex"
"fd5866d2580127142e46b58848da2471488f70c0","android/core/chat/src/main/kotlin/fr/mina/gateway/chat/ChatRepository.kt","main","1","kotlin","fun_declaration","sendText","81","sanitized_regex"
"fd5866d2580127142e46b58848da2471488f70c0","android/core/chat/src/main/kotlin/fr/mina/gateway/chat/ChatRepository.kt","main","2","kotlin","fun_declaration","sendMedia","92","sanitized_regex"
"fd5866d2580127142e46b58848da2471488f70c0","android/core/chat/src/main/kotlin/fr/mina/gateway/chat/ChatRepository.kt","main","3","kotlin","fun_declaration","sealAndEnqueue","105","sanitized_regex"
"fd5866d2580127142e46b58848da2471488f70c0","android/core/chat/src/main/kotlin/fr/mina/gateway/chat/ChatRepository.kt","main","4","kotlin","fun_declaration","ingest","158","sanitized_regex"
"fd5866d2580127142e46b58848da2471488f70c0","android/core/chat/src/main/kotlin/fr/mina/gateway/chat/ChatRepository.kt","main","5","kotlin","fun_declaration","markDelivered","162","sanitized_regex"
"fd5866d2580127142e46b58848da2471488f70c0","android/core/chat/src/main/kotlin/fr/mina/gateway/chat/ChatRepository.kt","main","6","kotlin","fun_declaration","observeThread","173","sanitized_regex"
"fd5866d2580127142e46b58848da2471488f70c0","android/core/chat/src/main/kotlin/fr/mina/gateway/chat/ChatRepository.kt","main","7","kotlin","fun_declaration","observeThreads","176","sanitized_regex"
"fd5866d2580127142e46b58848da2471488f70c0","android/core/chat/src/main/kotlin/fr/mina/gateway/chat/ChatRepository.kt","main","8","kotlin","fun_declaration","pendingCount","178","sanitized_regex"
"fd5866d2580127142e46b58848da2471488f70c0","android/core/chat/src/main/kotlin/fr/mina/gateway/chat/ChatRepository.kt","main","9","kotlin","fun_declaration","readMessage","181","sanitized_regex"
"fd5866d2580127142e46b58848da2471488f70c0","android/core/chat/src/main/kotlin/fr/mina/gateway/chat/ChatRepository.kt","main","10","kotlin","fun_declaration","toMessage","183","sanitized_regex"
"fd5866d2580127142e46b58848da2471488f70c0","android/core/chat/src/main/kotlin/fr/mina/gateway/chat/ChatRepository.kt","main","11","kotlin","fun_declaration","decryptBytesOrNull","225","sanitized_regex"
"fd5866d2580127142e46b58848da2471488f70c0","android/core/chat/src/main/kotlin/fr/mina/gateway/chat/ChatRepository.kt","main","12","kotlin","fun_declaration","readMediaBytes","243","sanitized_regex"
"fd5866d2580127142e46b58848da2471488f70c0","android/core/chat/src/main/kotlin/fr/mina/gateway/chat/ChatRepository.kt","main","13","kotlin","fun_declaration","toRow","266","sanitized_regex"
"fd5866d2580127142e46b58848da2471488f70c0","android/core/chat/src/main/kotlin/fr/mina/gateway/chat/ChatRepository.kt","main","14","kotlin","fun_declaration","toEvent","283","sanitized_regex"
"fd5866d2580127142e46b58848da2471488f70c0","android/core/chat/src/main/kotlin/fr/mina/gateway/chat/ChatSettings.kt","main","1","kotlin","fun_declaration","biometricLockEnabled","24","sanitized_regex"
"fd5866d2580127142e46b58848da2471488f70c0","android/core/chat/src/main/kotlin/fr/mina/gateway/chat/ChatSettings.kt","main","2","kotlin","fun_declaration","setBiometricLock","26","sanitized_regex"
"fd5866d2580127142e46b58848da2471488f70c0","android/core/chat/src/main/kotlin/fr/mina/gateway/chat/ChatSettings.kt","main","3","kotlin","fun_declaration","pcSupportsMedia","33","sanitized_regex"
"fd5866d2580127142e46b58848da2471488f70c0","android/core/chat/src/main/kotlin/fr/mina/gateway/chat/ChatSettings.kt","main","4","kotlin","fun_declaration","setPcSupportsMedia","35","sanitized_regex"
"fd5866d2580127142e46b58848da2471488f70c0","android/core/chat/src/main/kotlin/fr/mina/gateway/chat/ChatSettings.kt","main","5","kotlin","fun_declaration","endpoint","37","sanitized_regex"
"fd5866d2580127142e46b58848da2471488f70c0","android/core/chat/src/main/kotlin/fr/mina/gateway/chat/ChatSettings.kt","main","6","kotlin","fun_declaration","host","42","sanitized_regex"
"fd5866d2580127142e46b58848da2471488f70c0","android/core/chat/src/main/kotlin/fr/mina/gateway/chat/ChatSettings.kt","main","7","kotlin","fun_declaration","port","44","sanitized_regex"
"fd5866d2580127142e46b58848da2471488f70c0","android/core/chat/src/main/kotlin/fr/mina/gateway/chat/ChatSettings.kt","main","8","kotlin","fun_declaration","pcPublicKeySpki","47","sanitized_regex"
"fd5866d2580127142e46b58848da2471488f70c0","android/core/chat/src/main/kotlin/fr/mina/gateway/chat/ChatSettings.kt","main","9","kotlin","fun_declaration","pairedAtMs","49","sanitized_regex"
"fd5866d2580127142e46b58848da2471488f70c0","android/core/chat/src/main/kotlin/fr/mina/gateway/chat/ChatSettings.kt","main","10","kotlin","fun_declaration","isPaired","51","sanitized_regex"
"fd5866d2580127142e46b58848da2471488f70c0","android/core/chat/src/main/kotlin/fr/mina/gateway/chat/ChatSettings.kt","main","11","kotlin","fun_declaration","pair","53","sanitized_regex"
"fd5866d2580127142e46b58848da2471488f70c0","android/core/chat/src/main/kotlin/fr/mina/gateway/chat/ChatSettings.kt","main","12","kotlin","fun_declaration","unpair","65","sanitized_regex"
"fd5866d2580127142e46b58848da2471488f70c0","android/core/chat/src/main/kotlin/fr/mina/gateway/chat/ChatSigner.kt","main","1","kotlin","fun_declaration","sign","30","sanitized_regex"
"fd5866d2580127142e46b58848da2471488f70c0","android/core/chat/src/main/kotlin/fr/mina/gateway/chat/ChatSigner.kt","main","2","kotlin","fun_declaration","verify","37","sanitized_regex"
"fd5866d2580127142e46b58848da2471488f70c0","android/core/chat/src/main/kotlin/fr/mina/gateway/chat/ChatSyncLoop.kt","main","1","kotlin","fun_declaration","start","36","sanitized_regex"
"fd5866d2580127142e46b58848da2471488f70c0","android/core/chat/src/main/kotlin/fr/mina/gateway/chat/ChatSyncLoop.kt","main","2","kotlin","fun_declaration","stop","46","sanitized_regex"
"fd5866d2580127142e46b58848da2471488f70c0","android/core/chat/src/main/kotlin/fr/mina/gateway/chat/ChatSyncLoop.kt","main","3","kotlin","fun_declaration","drainOnce","52","sanitized_regex"
"fd5866d2580127142e46b58848da2471488f70c0","android/core/chat/src/main/kotlin/fr/mina/gateway/chat/ChatSyncLoop.kt","main","4","kotlin","fun_declaration","relayPending","88","sanitized_regex"
"fd5866d2580127142e46b58848da2471488f70c0","android/core/chat/src/main/kotlin/fr/mina/gateway/chat/ChatSyncLoop.kt","main","5","kotlin","fun_declaration","markWaiting","105","sanitized_regex"
"fd5866d2580127142e46b58848da2471488f70c0","android/core/chat/src/main/kotlin/fr/mina/gateway/chat/ChatSyncLoop.kt","main","6","kotlin","fun_declaration","backoff","121","sanitized_regex"
"fd5866d2580127142e46b58848da2471488f70c0","android/core/chat/src/main/kotlin/fr/mina/gateway/chat/DirectChatLink.kt","main","1","kotlin","fun_declaration","lastError","47","sanitized_regex"
"fd5866d2580127142e46b58848da2471488f70c0","android/core/chat/src/main/kotlin/fr/mina/gateway/chat/DirectChatLink.kt","main","2","kotlin","fun_declaration","connect","49","sanitized_regex"
"fd5866d2580127142e46b58848da2471488f70c0","android/core/chat/src/main/kotlin/fr/mina/gateway/chat/DirectChatLink.kt","main","3","kotlin","fun_declaration","onOpen","65","sanitized_regex"
"fd5866d2580127142e46b58848da2471488f70c0","android/core/chat/src/main/kotlin/fr/mina/gateway/chat/DirectChatLink.kt","main","4","kotlin","fun_declaration","onMessage","72","sanitized_regex"
"fd5866d2580127142e46b58848da2471488f70c0","android/core/chat/src/main/kotlin/fr/mina/gateway/chat/DirectChatLink.kt","main","5","kotlin","fun_declaration","onFailure","101","sanitized_regex"
"fd5866d2580127142e46b58848da2471488f70c0","android/core/chat/src/main/kotlin/fr/mina/gateway/chat/DirectChatLink.kt","main","6","kotlin","fun_declaration","onClosed","108","sanitized_regex"
"fd5866d2580127142e46b58848da2471488f70c0","android/core/chat/src/main/kotlin/fr/mina/gateway/chat/DirectChatLink.kt","main","7","kotlin","fun_declaration","send","116","sanitized_regex"
"fd5866d2580127142e46b58848da2471488f70c0","android/core/chat/src/main/kotlin/fr/mina/gateway/chat/DirectChatLink.kt","main","8","kotlin","fun_declaration","refusalText","125","sanitized_regex"
"fd5866d2580127142e46b58848da2471488f70c0","android/core/chat/src/main/kotlin/fr/mina/gateway/chat/DirectChatLink.kt","main","9","kotlin","fun_declaration","disconnect","139","sanitized_regex"
"fd5866d2580127142e46b58848da2471488f70c0","android/core/chat/src/main/kotlin/fr/mina/gateway/chat/FirebaseChatRelay.kt","main","1","kotlin","fun_declaration","isReady","39","sanitized_regex"
"fd5866d2580127142e46b58848da2471488f70c0","android/core/chat/src/main/kotlin/fr/mina/gateway/chat/FirebaseChatRelay.kt","main","2","kotlin","fun_declaration","ensureSession","41","sanitized_regex"
"fd5866d2580127142e46b58848da2471488f70c0","android/core/chat/src/main/kotlin/fr/mina/gateway/chat/FirebaseChatRelay.kt","main","3","kotlin","fun_declaration","send","55","sanitized_regex"
"fd5866d2580127142e46b58848da2471488f70c0","android/core/chat/src/main/kotlin/fr/mina/gateway/chat/FirebaseChatRelay.kt","main","4","kotlin","fun_declaration","watch","71","sanitized_regex"
"fd5866d2580127142e46b58848da2471488f70c0","android/core/chat/src/main/kotlin/fr/mina/gateway/chat/FirebaseChatRelay.kt","main","5","kotlin","fun_declaration","stop","95","sanitized_regex"
"fd5866d2580127142e46b58848da2471488f70c0","android/core/chat/src/main/kotlin/fr/mina/gateway/chat/FirebaseChatRelay.kt","main","6","kotlin","fun_declaration","toMap","100","sanitized_regex"
"fd5866d2580127142e46b58848da2471488f70c0","android/core/chat/src/main/kotlin/fr/mina/gateway/chat/FirebaseChatRelay.kt","main","7","kotlin","fun_declaration","toJson","119","sanitized_regex"
"fd5866d2580127142e46b58848da2471488f70c0","android/core/chat/src/test/kotlin/fr/mina/gateway/chat/ChatRepositoryTest.kt","test","1","kotlin","fun_declaration","setUp","34","sanitized_regex"
"fd5866d2580127142e46b58848da2471488f70c0","android/core/chat/src/test/kotlin/fr/mina/gateway/chat/ChatRepositoryTest.kt","test","2","kotlin","fun_declaration","tearDown","48","sanitized_regex"
"fd5866d2580127142e46b58848da2471488f70c0","android/core/protocol/src/main/kotlin/fr/mina/gateway/protocol/ChatBinaryCodec.kt","main","1","kotlin","fun_declaration","uint16","21","sanitized_regex"
"fd5866d2580127142e46b58848da2471488f70c0","android/core/protocol/src/main/kotlin/fr/mina/gateway/protocol/ChatBinaryCodec.kt","main","2","kotlin","fun_declaration","uint32","24","sanitized_regex"
"fd5866d2580127142e46b58848da2471488f70c0","android/core/protocol/src/main/kotlin/fr/mina/gateway/protocol/ChatBinaryCodec.kt","main","3","kotlin","fun_declaration","uint64","27","sanitized_regex"
"fd5866d2580127142e46b58848da2471488f70c0","android/core/protocol/src/main/kotlin/fr/mina/gateway/protocol/ChatBinaryCodec.kt","main","4","kotlin","fun_declaration","lengthPrefixedUtf8","34","sanitized_regex"
"fd5866d2580127142e46b58848da2471488f70c0","android/core/protocol/src/main/kotlin/fr/mina/gateway/protocol/ChatBinaryCodec.kt","main","5","kotlin","fun_declaration","lengthPrefixedBytes","40","sanitized_regex"
"fd5866d2580127142e46b58848da2471488f70c0","android/core/protocol/src/main/kotlin/fr/mina/gateway/protocol/ChatBinaryCodec.kt","main","6","kotlin","fun_declaration","encodeHeader","46","sanitized_regex"
"fd5866d2580127142e46b58848da2471488f70c0","android/core/protocol/src/main/kotlin/fr/mina/gateway/protocol/ChatBinaryCodec.kt","main","7","kotlin","fun_declaration","encodeSignatureInput","65","sanitized_regex"
"fd5866d2580127142e46b58848da2471488f70c0","android/core/protocol/src/main/kotlin/fr/mina/gateway/protocol/ChatBinaryCodec.kt","main","8","kotlin","fun_declaration","toHex","77","sanitized_regex"
"fd5866d2580127142e46b58848da2471488f70c0","android/core/protocol/src/main/kotlin/fr/mina/gateway/protocol/ChatCrypto.kt","main","1","kotlin","fun_declaration","requireKey","32","sanitized_regex"
"fd5866d2580127142e46b58848da2471488f70c0","android/core/protocol/src/main/kotlin/fr/mina/gateway/protocol/ChatCrypto.kt","main","2","kotlin","fun_declaration","deriveAttachmentKey","38","sanitized_regex"
"fd5866d2580127142e46b58848da2471488f70c0","android/core/protocol/src/main/kotlin/fr/mina/gateway/protocol/ChatCrypto.kt","main","3","kotlin","fun_declaration","hkdfSha256","47","sanitized_regex"
"fd5866d2580127142e46b58848da2471488f70c0","android/core/protocol/src/main/kotlin/fr/mina/gateway/protocol/ChatCrypto.kt","main","4","kotlin","fun_declaration","deriveDeviceWrapKey","74","sanitized_regex"
"fd5866d2580127142e46b58848da2471488f70c0","android/core/protocol/src/main/kotlin/fr/mina/gateway/protocol/ChatCrypto.kt","main","5","kotlin","fun_declaration","epochWrapAad","91","sanitized_regex"
"fd5866d2580127142e46b58848da2471488f70c0","android/core/protocol/src/main/kotlin/fr/mina/gateway/protocol/ChatCrypto.kt","main","6","kotlin","fun_declaration","wrapEpochKey","104","sanitized_regex"
"fd5866d2580127142e46b58848da2471488f70c0","android/core/protocol/src/main/kotlin/fr/mina/gateway/protocol/ChatCrypto.kt","main","7","kotlin","fun_declaration","unwrapEpochKey","124","sanitized_regex"
"fd5866d2580127142e46b58848da2471488f70c0","android/core/protocol/src/main/kotlin/fr/mina/gateway/protocol/ChatCrypto.kt","main","8","kotlin","fun_declaration","verifyAndDecrypt","141","sanitized_regex"
"fd5866d2580127142e46b58848da2471488f70c0","android/core/protocol/src/main/kotlin/fr/mina/gateway/protocol/ChatCrypto.kt","main","9","kotlin","fun_declaration","randomKey","168","sanitized_regex"
"fd5866d2580127142e46b58848da2471488f70c0","android/core/protocol/src/main/kotlin/fr/mina/gateway/protocol/ChatEvent.kt","main","1","kotlin","fun_declaration","decodeCanonical","68","sanitized_regex"
"fd5866d2580127142e46b58848da2471488f70c0","android/core/protocol/src/main/kotlin/fr/mina/gateway/protocol/ChatEvent.kt","main","2","kotlin","fun_declaration","decode","75","sanitized_regex"
"fd5866d2580127142e46b58848da2471488f70c0","android/core/protocol/src/main/kotlin/fr/mina/gateway/protocol/ChatEvent.kt","main","3","kotlin","fun_declaration","decode","140","sanitized_regex"
"fd5866d2580127142e46b58848da2471488f70c0","android/core/protocol/src/main/kotlin/fr/mina/gateway/protocol/ChatEvent.kt","main","4","kotlin","fun_declaration","encode","147","sanitized_regex"
"fd5866d2580127142e46b58848da2471488f70c0","android/core/protocol/src/main/kotlin/fr/mina/gateway/protocol/ChatPayloadCodec.kt","main","1","kotlin","fun_declaration","equals","33","sanitized_regex"
"fd5866d2580127142e46b58848da2471488f70c0","android/core/protocol/src/main/kotlin/fr/mina/gateway/protocol/ChatPayloadCodec.kt","main","2","kotlin","fun_declaration","hashCode","35","sanitized_regex"
"fd5866d2580127142e46b58848da2471488f70c0","android/core/protocol/src/main/kotlin/fr/mina/gateway/protocol/ChatPayloadCodec.kt","main","3","kotlin","fun_declaration","uint16","38","sanitized_regex"
"fd5866d2580127142e46b58848da2471488f70c0","android/core/protocol/src/main/kotlin/fr/mina/gateway/protocol/ChatPayloadCodec.kt","main","4","kotlin","fun_declaration","uint32","39","sanitized_regex"
"fd5866d2580127142e46b58848da2471488f70c0","android/core/protocol/src/main/kotlin/fr/mina/gateway/protocol/ChatPayloadCodec.kt","main","5","kotlin","fun_declaration","encodeV2","41","sanitized_regex"
"fd5866d2580127142e46b58848da2471488f70c0","android/core/protocol/src/main/kotlin/fr/mina/gateway/protocol/ChatPayloadCodec.kt","main","6","kotlin","fun_declaration","decode","57","sanitized_regex"
"fd5866d2580127142e46b58848da2471488f70c0","android/core/protocol/src/main/kotlin/fr/mina/gateway/protocol/DeviceIdentityKeyStore.kt","main","1","kotlin","fun_declaration","getOrCreateSigningKey","15","sanitized_regex"
"fd5866d2580127142e46b58848da2471488f70c0","android/core/protocol/src/main/kotlin/fr/mina/gateway/protocol/DeviceIdentityKeyStore.kt","main","2","kotlin","fun_declaration","getOrCreateTransportKey","29","sanitized_regex"
"fd5866d2580127142e46b58848da2471488f70c0","android/core/protocol/src/main/kotlin/fr/mina/gateway/protocol/EnvelopeCodec.kt","main","1","kotlin","fun_declaration","decodeJson","22","sanitized_regex"
"fd5866d2580127142e46b58848da2471488f70c0","android/core/protocol/src/main/kotlin/fr/mina/gateway/protocol/EnvelopeCodec.kt","main","2","kotlin","fun_declaration","fields","47","sanitized_regex"
"fd5866d2580127142e46b58848da2471488f70c0","android/core/protocol/src/main/kotlin/fr/mina/gateway/protocol/EnvelopeCodec.kt","main","3","kotlin","fun_declaration","framed","62","sanitized_regex"
"fd5866d2580127142e46b58848da2471488f70c0","android/core/protocol/src/main/kotlin/fr/mina/gateway/protocol/EnvelopeCodec.kt","main","4","kotlin","fun_declaration","canonicalHeader","67","sanitized_regex"
"fd5866d2580127142e46b58848da2471488f70c0","android/core/protocol/src/main/kotlin/fr/mina/gateway/protocol/EnvelopeCodec.kt","main","5","kotlin","fun_declaration","canonicalSigningBytes","69","sanitized_regex"
"fd5866d2580127142e46b58848da2471488f70c0","android/core/protocol/src/main/kotlin/fr/mina/gateway/protocol/EnvelopeCodec.kt","main","6","kotlin","fun_declaration","verifyAndDecrypt","73","sanitized_regex"
"fd5866d2580127142e46b58848da2471488f70c0","android/core/protocol/src/main/kotlin/fr/mina/gateway/protocol/MediaAssembler.kt","main","1","kotlin","fun_declaration","parseMeta","26","sanitized_regex"
"fd5866d2580127142e46b58848da2471488f70c0","android/core/protocol/src/main/kotlin/fr/mina/gateway/protocol/MediaAssembler.kt","main","2","kotlin","fun_declaration","assemble","47","sanitized_regex"
"fd5866d2580127142e46b58848da2471488f70c0","android/core/protocol/src/main/kotlin/fr/mina/gateway/protocol/MediaChunker.kt","main","1","kotlin","fun_declaration","equals","24","sanitized_regex"
"fd5866d2580127142e46b58848da2471488f70c0","android/core/protocol/src/main/kotlin/fr/mina/gateway/protocol/MediaChunker.kt","main","2","kotlin","fun_declaration","hashCode","25","sanitized_regex"
"fd5866d2580127142e46b58848da2471488f70c0","android/core/protocol/src/main/kotlin/fr/mina/gateway/protocol/MediaChunker.kt","main","3","kotlin","fun_declaration","randomMediaId","28","sanitized_regex"
"fd5866d2580127142e46b58848da2471488f70c0","android/core/protocol/src/main/kotlin/fr/mina/gateway/protocol/MediaChunker.kt","main","4","kotlin","fun_declaration","sha256Hex","33","sanitized_regex"
"fd5866d2580127142e46b58848da2471488f70c0","android/core/protocol/src/main/kotlin/fr/mina/gateway/protocol/MediaChunker.kt","main","5","kotlin","fun_declaration","chunk","36","sanitized_regex"
"fd5866d2580127142e46b58848da2471488f70c0","android/core/protocol/src/main/kotlin/fr/mina/gateway/protocol/MonotonicUlid.kt","main","1","kotlin","fun_declaration","next","28","sanitized_regex"
"fd5866d2580127142e46b58848da2471488f70c0","android/core/protocol/src/main/kotlin/fr/mina/gateway/protocol/MonotonicUlid.kt","main","2","kotlin","fun_declaration","incrementBigEndian","42","sanitized_regex"
"fd5866d2580127142e46b58848da2471488f70c0","android/core/protocol/src/main/kotlin/fr/mina/gateway/protocol/MonotonicUlid.kt","main","3","kotlin","fun_declaration","encodeTime","62","sanitized_regex"
"fd5866d2580127142e46b58848da2471488f70c0","android/core/protocol/src/main/kotlin/fr/mina/gateway/protocol/MonotonicUlid.kt","main","4","kotlin","fun_declaration","encodeRandom","72","sanitized_regex"
"fd5866d2580127142e46b58848da2471488f70c0","android/core/protocol/src/main/kotlin/fr/mina/gateway/protocol/MonotonicUlid.kt","main","5","kotlin","fun_declaration","decodeTime","87","sanitized_regex"
"fd5866d2580127142e46b58848da2471488f70c0","android/core/protocol/src/test/kotlin/fr/mina/gateway/protocol/ChatBinaryCodecTest.kt","test","1","kotlin","fun_declaration","resource","15","sanitized_regex"
"fd5866d2580127142e46b58848da2471488f70c0","android/core/protocol/src/test/kotlin/fr/mina/gateway/protocol/ChatBinaryCodecTest.kt","test","2","kotlin","fun_declaration","event","21","sanitized_regex"
"fd5866d2580127142e46b58848da2471488f70c0","android/core/protocol/src/test/kotlin/fr/mina/gateway/protocol/ChatBinaryCodecTest.kt","test","3","kotlin","fun_declaration","vectors","22","sanitized_regex"
"fd5866d2580127142e46b58848da2471488f70c0","android/core/protocol/src/test/kotlin/fr/mina/gateway/protocol/ChatDeviceWrapTest.kt","test","1","kotlin","fun_declaration","hex","25","sanitized_regex"
"fd5866d2580127142e46b58848da2471488f70c0","android/core/protocol/src/test/kotlin/fr/mina/gateway/protocol/ChatDeviceWrapTest.kt","test","2","kotlin","fun_declaration","toHex","28","sanitized_regex"
"fd5866d2580127142e46b58848da2471488f70c0","android/core/protocol/src/test/kotlin/fr/mina/gateway/protocol/ChatDeviceWrapTest.kt","test","3","kotlin","fun_declaration","privateKey","31","sanitized_regex"
"fd5866d2580127142e46b58848da2471488f70c0","android/core/protocol/src/test/kotlin/fr/mina/gateway/protocol/ChatDeviceWrapTest.kt","test","4","kotlin","fun_declaration","publicKey","34","sanitized_regex"
"fd5866d2580127142e46b58848da2471488f70c0","android/core/protocol/src/test/kotlin/fr/mina/gateway/protocol/ChatEventTest.kt","test","1","kotlin","fun_declaration","fixture","15","sanitized_regex"
"fd5866d2580127142e46b58848da2471488f70c0","android/core/protocol/src/test/kotlin/fr/mina/gateway/protocol/ChatEventTest.kt","test","2","kotlin","fun_declaration","withField","21","sanitized_regex"
"fd5866d2580127142e46b58848da2471488f70c0","android/core/protocol/src/test/kotlin/fr/mina/gateway/protocol/ChatPayloadCodecTest.kt","test","1","kotlin","fun_declaration","resource","15","sanitized_regex"
"fd5866d2580127142e46b58848da2471488f70c0","android/core/protocol/src/test/kotlin/fr/mina/gateway/protocol/ChatPayloadCodecTest.kt","test","2","kotlin","fun_declaration","hex","18","sanitized_regex"
"fd5866d2580127142e46b58848da2471488f70c0","android/core/protocol/src/test/kotlin/fr/mina/gateway/protocol/ChatPayloadCodecTest.kt","test","3","kotlin","fun_declaration","fromHex","19","sanitized_regex"
"fd5866d2580127142e46b58848da2471488f70c0","android/core/protocol/src/test/kotlin/fr/mina/gateway/protocol/ChatPayloadCodecTest.kt","test","4","kotlin","fun_declaration","encodeMatchesSharedVectors","23","sanitized_regex"
"fd5866d2580127142e46b58848da2471488f70c0","android/core/protocol/src/test/kotlin/fr/mina/gateway/protocol/ChatPayloadCodecTest.kt","test","5","kotlin","fun_declaration","textV1PassthroughFromSharedVector","54","sanitized_regex"
"fd5866d2580127142e46b58848da2471488f70c0","android/core/protocol/src/test/kotlin/fr/mina/gateway/protocol/ChatPayloadCodecTest.kt","test","6","kotlin","fun_declaration","mediaChunkBinaryRoundTrips","67","sanitized_regex"
"fd5866d2580127142e46b58848da2471488f70c0","android/core/protocol/src/test/kotlin/fr/mina/gateway/protocol/ChatPayloadCodecTest.kt","test","7","kotlin","fun_declaration","rejectsUnknownVersionAndType","74","sanitized_regex"
"fd5866d2580127142e46b58848da2471488f70c0","android/core/protocol/src/test/kotlin/fr/mina/gateway/protocol/EnvelopeCodecTest.kt","test","1","kotlin","fun_declaration","verifiesSharedFixtureAndDecryptsPayload","19","sanitized_regex"
"fd5866d2580127142e46b58848da2471488f70c0","android/core/protocol/src/test/kotlin/fr/mina/gateway/protocol/EnvelopeCodecTest.kt","test","2","kotlin","fun_declaration","rejectsReplayExpiryAndInvalidSignature","32","sanitized_regex"
"fd5866d2580127142e46b58848da2471488f70c0","android/core/protocol/src/test/kotlin/fr/mina/gateway/protocol/MediaAssemblerTest.kt","test","1","kotlin","fun_declaration","sha256Hex","11","sanitized_regex"
"fd5866d2580127142e46b58848da2471488f70c0","android/core/protocol/src/test/kotlin/fr/mina/gateway/protocol/MediaAssemblerTest.kt","test","2","kotlin","fun_declaration","metaOf","14","sanitized_regex"
"fd5866d2580127142e46b58848da2471488f70c0","android/core/transport/src/main/kotlin/fr/mina/gateway/transport/DeviceIdentity.kt","main","1","kotlin","fun_declaration","signingBytes","20","sanitized_regex"
"fd5866d2580127142e46b58848da2471488f70c0","android/core/transport/src/main/kotlin/fr/mina/gateway/transport/DeviceIdentity.kt","main","2","kotlin","fun_declaration","verify","29","sanitized_regex"
"fd5866d2580127142e46b58848da2471488f70c0","android/core/transport/src/main/kotlin/fr/mina/gateway/transport/DeviceIdentity.kt","main","3","kotlin","fun_declaration","deviceId","49","sanitized_regex"
"fd5866d2580127142e46b58848da2471488f70c0","android/core/transport/src/main/kotlin/fr/mina/gateway/transport/DeviceIdentity.kt","main","4","kotlin","fun_declaration","createProof","57","sanitized_regex"
"fd5866d2580127142e46b58848da2471488f70c0","android/core/transport/src/main/kotlin/fr/mina/gateway/transport/FirebaseFallback.kt","main","1","kotlin","fun_declaration","put","15","sanitized_regex"
"fd5866d2580127142e46b58848da2471488f70c0","android/core/transport/src/main/kotlin/fr/mina/gateway/transport/FirebaseFallback.kt","main","2","kotlin","fun_declaration","get","16","sanitized_regex"
"fd5866d2580127142e46b58848da2471488f70c0","android/core/transport/src/main/kotlin/fr/mina/gateway/transport/FirebaseFallback.kt","main","3","kotlin","fun_declaration","remove","17","sanitized_regex"
"fd5866d2580127142e46b58848da2471488f70c0","android/core/transport/src/main/kotlin/fr/mina/gateway/transport/FirebaseFallback.kt","main","4","kotlin","fun_declaration","enqueue","32","sanitized_regex"
"fd5866d2580127142e46b58848da2471488f70c0","android/core/transport/src/main/kotlin/fr/mina/gateway/transport/FirebaseFallback.kt","main","5","kotlin","fun_declaration","receive","44","sanitized_regex"
"fd5866d2580127142e46b58848da2471488f70c0","android/core/transport/src/main/kotlin/fr/mina/gateway/transport/LanServer.kt","main","1","kotlin","fun_declaration","authorizePeer","21","sanitized_regex"
"fd5866d2580127142e46b58848da2471488f70c0","android/core/transport/src/main/kotlin/fr/mina/gateway/transport/LanServer.kt","main","2","kotlin","fun_declaration","open","24","sanitized_regex"
"fd5866d2580127142e46b58848da2471488f70c0","android/core/transport/src/main/kotlin/fr/mina/gateway/transport/LanServer.kt","main","3","kotlin","fun_declaration","close","30","sanitized_regex"
"fd5866d2580127142e46b58848da2471488f70c0","android/core/transport/src/main/kotlin/fr/mina/gateway/transport/TransportMultiplexer.kt","main","1","kotlin","fun_declaration","send","12","sanitized_regex"
"fd5866d2580127142e46b58848da2471488f70c0","android/core/transport/src/main/kotlin/fr/mina/gateway/transport/TransportMultiplexer.kt","main","2","kotlin","fun_declaration","connect","29","sanitized_regex"
"fd5866d2580127142e46b58848da2471488f70c0","android/core/transport/src/main/kotlin/fr/mina/gateway/transport/TransportMultiplexer.kt","main","3","kotlin","fun_declaration","enqueue","39","sanitized_regex"
"fd5866d2580127142e46b58848da2471488f70c0","android/core/transport/src/main/kotlin/fr/mina/gateway/transport/TransportMultiplexer.kt","main","4","kotlin","fun_declaration","cancel","49","sanitized_regex"
"fd5866d2580127142e46b58848da2471488f70c0","android/core/transport/src/main/kotlin/fr/mina/gateway/transport/TransportMultiplexer.kt","main","5","kotlin","fun_declaration","drainOne","61","sanitized_regex"
"fd5866d2580127142e46b58848da2471488f70c0","android/core/transport/src/test/kotlin/fr/mina/gateway/transport/DeviceIdentityTest.kt","test","1","kotlin","fun_declaration","proofBindsDevicePublicKeyAndChallenge","13","sanitized_regex"
"fd5866d2580127142e46b58848da2471488f70c0","android/core/transport/src/test/kotlin/fr/mina/gateway/transport/FirebaseFallbackTest.kt","test","1","kotlin","fun_declaration","storesCiphertextWithBoundedTtlAndNoCapabilities","9","sanitized_regex"
"fd5866d2580127142e46b58848da2471488f70c0","android/core/transport/src/test/kotlin/fr/mina/gateway/transport/FirebaseFallbackTest.kt","test","2","kotlin","fun_declaration","put","12","sanitized_regex"
"fd5866d2580127142e46b58848da2471488f70c0","android/core/transport/src/test/kotlin/fr/mina/gateway/transport/FirebaseFallbackTest.kt","test","3","kotlin","fun_declaration","get","13","sanitized_regex"
"fd5866d2580127142e46b58848da2471488f70c0","android/core/transport/src/test/kotlin/fr/mina/gateway/transport/FirebaseFallbackTest.kt","test","4","kotlin","fun_declaration","remove","14","sanitized_regex"
"fd5866d2580127142e46b58848da2471488f70c0","android/core/transport/src/test/kotlin/fr/mina/gateway/transport/TransportMultiplexerTest.kt","test","1","kotlin","fun_declaration","send","14","sanitized_regex"
"fd5866d2580127142e46b58848da2471488f70c0","android/core/transport/src/test/kotlin/fr/mina/gateway/transport/TransportMultiplexerTest.kt","test","2","kotlin","fun_declaration","prioritizesControlAndFailsOverFromUsbToLan","22","sanitized_regex"
"fd5866d2580127142e46b58848da2471488f70c0","android/core/transport/src/test/kotlin/fr/mina/gateway/transport/TransportMultiplexerTest.kt","test","3","kotlin","fun_declaration","rejectsUntrustedPeersBackpressureCancellationAndDuplicates","36","sanitized_regex"
"fd5866d2580127142e46b58848da2471488f70c0","android/feature/camera/src/main/kotlin/fr/mina/gateway/camera/CameraFrameEncoder.kt","main","1","kotlin","fun_declaration","sign","13","sanitized_regex"
"fd5866d2580127142e46b58848da2471488f70c0","android/feature/camera/src/main/kotlin/fr/mina/gateway/camera/CameraFrameEncoder.kt","main","2","kotlin","fun_declaration","signingChallenge","28","sanitized_regex"
"fd5866d2580127142e46b58848da2471488f70c0","android/feature/camera/src/main/kotlin/fr/mina/gateway/camera/CameraFrameEncoder.kt","main","3","kotlin","fun_declaration","encode","50","sanitized_regex"
"fd5866d2580127142e46b58848da2471488f70c0","android/feature/camera/src/main/kotlin/fr/mina/gateway/camera/CameraFrameEncoder.kt","main","4","kotlin","fun_declaration","offer","110","sanitized_regex"
"fd5866d2580127142e46b58848da2471488f70c0","android/feature/camera/src/main/kotlin/fr/mina/gateway/camera/CameraFrameEncoder.kt","main","5","kotlin","fun_declaration","takeLatest","116","sanitized_regex"
"fd5866d2580127142e46b58848da2471488f70c0","android/feature/camera/src/main/kotlin/fr/mina/gateway/camera/CameraFrameEncoder.kt","main","6","kotlin","fun_declaration","droppedCount","119","sanitized_regex"
"fd5866d2580127142e46b58848da2471488f70c0","android/feature/camera/src/main/kotlin/fr/mina/gateway/camera/CameraSessionController.kt","main","1","kotlin","fun_declaration","snapshot","18","sanitized_regex"
"fd5866d2580127142e46b58848da2471488f70c0","android/feature/camera/src/main/kotlin/fr/mina/gateway/camera/CameraSessionController.kt","main","2","kotlin","fun_declaration","requestStart","21","sanitized_regex"
"fd5866d2580127142e46b58848da2471488f70c0","android/feature/camera/src/main/kotlin/fr/mina/gateway/camera/CameraSessionController.kt","main","3","kotlin","fun_declaration","permissionGranted","34","sanitized_regex"
"fd5866d2580127142e46b58848da2471488f70c0","android/feature/camera/src/main/kotlin/fr/mina/gateway/camera/CameraSessionController.kt","main","4","kotlin","fun_declaration","permissionDenied","43","sanitized_regex"
"fd5866d2580127142e46b58848da2471488f70c0","android/feature/camera/src/main/kotlin/fr/mina/gateway/camera/CameraSessionController.kt","main","5","kotlin","fun_declaration","streamStarted","49","sanitized_regex"
"fd5866d2580127142e46b58848da2471488f70c0","android/feature/camera/src/main/kotlin/fr/mina/gateway/camera/CameraSessionController.kt","main","6","kotlin","fun_declaration","switchLens","56","sanitized_regex"
"fd5866d2580127142e46b58848da2471488f70c0","android/feature/camera/src/main/kotlin/fr/mina/gateway/camera/CameraSessionController.kt","main","7","kotlin","fun_declaration","requestStop","63","sanitized_regex"
"fd5866d2580127142e46b58848da2471488f70c0","android/feature/camera/src/main/kotlin/fr/mina/gateway/camera/CameraSessionController.kt","main","8","kotlin","fun_declaration","streamStopped","70","sanitized_regex"
"fd5866d2580127142e46b58848da2471488f70c0","android/feature/camera/src/main/kotlin/fr/mina/gateway/camera/CameraSessionController.kt","main","9","kotlin","fun_declaration","selectLens","78","sanitized_regex"
"fd5866d2580127142e46b58848da2471488f70c0","android/feature/camera/src/main/kotlin/fr/mina/gateway/camera/CameraStreamService.kt","main","1","kotlin","fun_declaration","shouldEncode","46","sanitized_regex"
"fd5866d2580127142e46b58848da2471488f70c0","android/feature/camera/src/main/kotlin/fr/mina/gateway/camera/CameraStreamService.kt","main","2","kotlin","fun_declaration","transportSeen","53","sanitized_regex"
"fd5866d2580127142e46b58848da2471488f70c0","android/feature/camera/src/main/kotlin/fr/mina/gateway/camera/CameraStreamService.kt","main","3","kotlin","fun_declaration","transportExpired","58","sanitized_regex"
"fd5866d2580127142e46b58848da2471488f70c0","android/feature/camera/src/main/kotlin/fr/mina/gateway/camera/CameraStreamService.kt","main","4","kotlin","fun_declaration","getLifecycle","63","sanitized_regex"
"fd5866d2580127142e46b58848da2471488f70c0","android/feature/camera/src/main/kotlin/fr/mina/gateway/camera/CameraStreamService.kt","main","5","kotlin","fun_declaration","onReceive","69","sanitized_regex"
"fd5866d2580127142e46b58848da2471488f70c0","android/feature/camera/src/main/kotlin/fr/mina/gateway/camera/CameraStreamService.kt","main","6","kotlin","fun_declaration","onCreate","79","sanitized_regex"
"fd5866d2580127142e46b58848da2471488f70c0","android/feature/camera/src/main/kotlin/fr/mina/gateway/camera/CameraStreamService.kt","main","7","kotlin","fun_declaration","onStartCommand","86","sanitized_regex"
"fd5866d2580127142e46b58848da2471488f70c0","android/feature/camera/src/main/kotlin/fr/mina/gateway/camera/CameraStreamService.kt","main","8","kotlin","fun_declaration","onDestroy","102","sanitized_regex"
"fd5866d2580127142e46b58848da2471488f70c0","android/feature/camera/src/main/kotlin/fr/mina/gateway/camera/CameraStreamService.kt","main","9","kotlin","fun_declaration","onBind","114","sanitized_regex"
"fd5866d2580127142e46b58848da2471488f70c0","android/feature/camera/src/main/kotlin/fr/mina/gateway/camera/CameraStreamService.kt","main","10","kotlin","fun_declaration","startCamera","116","sanitized_regex"
"fd5866d2580127142e46b58848da2471488f70c0","android/feature/camera/src/main/kotlin/fr/mina/gateway/camera/CameraStreamService.kt","main","11","kotlin","fun_declaration","analyze","141","sanitized_regex"
"fd5866d2580127142e46b58848da2471488f70c0","android/feature/camera/src/main/kotlin/fr/mina/gateway/camera/CameraStreamService.kt","main","12","kotlin","fun_declaration","rgbaToJpeg","178","sanitized_regex"
"fd5866d2580127142e46b58848da2471488f70c0","android/feature/camera/src/main/kotlin/fr/mina/gateway/camera/CameraStreamService.kt","main","13","kotlin","fun_declaration","isDeviceLocked","198","sanitized_regex"
"fd5866d2580127142e46b58848da2471488f70c0","android/feature/camera/src/main/kotlin/fr/mina/gateway/camera/CameraStreamService.kt","main","14","kotlin","fun_declaration","startCameraForeground","200","sanitized_regex"
"fd5866d2580127142e46b58848da2471488f70c0","android/feature/camera/src/main/kotlin/fr/mina/gateway/camera/CameraStreamService.kt","main","15","kotlin","fun_declaration","notification","208","sanitized_regex"
"fd5866d2580127142e46b58848da2471488f70c0","android/feature/camera/src/main/kotlin/fr/mina/gateway/camera/CameraStreamService.kt","main","16","kotlin","fun_declaration","createNotificationChannel","224","sanitized_regex"
"fd5866d2580127142e46b58848da2471488f70c0","android/feature/camera/src/main/kotlin/fr/mina/gateway/camera/CameraStreamService.kt","main","17","kotlin","fun_declaration","transportKeepaliveMs","246","sanitized_regex"
"fd5866d2580127142e46b58848da2471488f70c0","android/feature/camera/src/main/kotlin/fr/mina/gateway/camera/CameraStreamService.kt","main","18","kotlin","fun_declaration","publish","251","sanitized_regex"
"fd5866d2580127142e46b58848da2471488f70c0","android/feature/camera/src/main/kotlin/fr/mina/gateway/camera/CameraStreamService.kt","main","19","kotlin","fun_declaration","clear","288","sanitized_regex"
"fd5866d2580127142e46b58848da2471488f70c0","android/feature/camera/src/test/kotlin/fr/mina/gateway/camera/CameraFrameEncoderTest.kt","test","1","kotlin","fun_declaration","createsBoundedSignedMetadataForAFrame","14","sanitized_regex"
"fd5866d2580127142e46b58848da2471488f70c0","android/feature/camera/src/test/kotlin/fr/mina/gateway/camera/CameraFrameEncoderTest.kt","test","2","kotlin","fun_declaration","rejectsOversizedMalformedOrInvalidlyRotatedFrames","38","sanitized_regex"
"fd5866d2580127142e46b58848da2471488f70c0","android/feature/camera/src/test/kotlin/fr/mina/gateway/camera/CameraFrameEncoderTest.kt","test","3","kotlin","fun_declaration","latestFrameBufferDropsStaleFramesInsteadOfQueueingThem","49","sanitized_regex"
"fd5866d2580127142e46b58848da2471488f70c0","android/feature/camera/src/test/kotlin/fr/mina/gateway/camera/CameraFrameEncoderTest.kt","test","4","kotlin","fun_declaration","streamGuardBoundsRateAndStopsAfterTransportLoss","61","sanitized_regex"
"fd5866d2580127142e46b58848da2471488f70c0","android/feature/camera/src/test/kotlin/fr/mina/gateway/camera/CameraFrameEncoderTest.kt","test","5","kotlin","fun_declaration","fileWriterRetainsOnlyTenRecentFramesForRaceSafeReads","73","sanitized_regex"
"fd5866d2580127142e46b58848da2471488f70c0","android/feature/camera/src/test/kotlin/fr/mina/gateway/camera/CameraFrameEncoderTest.kt","test","6","kotlin","fun_declaration","frame","88","sanitized_regex"
"fd5866d2580127142e46b58848da2471488f70c0","android/feature/camera/src/test/kotlin/fr/mina/gateway/camera/CameraSessionControllerTest.kt","test","1","kotlin","fun_declaration","followsVisiblePermissionAndStreamingStates","10","sanitized_regex"
"fd5866d2580127142e46b58848da2471488f70c0","android/feature/camera/src/test/kotlin/fr/mina/gateway/camera/CameraSessionControllerTest.kt","test","2","kotlin","fun_declaration","rejectsDoubleStartAndSwitchesOnlyToAnAvailableLogicalLens","29","sanitized_regex"
"fd5866d2580127142e46b58848da2471488f70c0","android/feature/camera/src/test/kotlin/fr/mina/gateway/camera/CameraSessionControllerTest.kt","test","3","kotlin","fun_declaration","denialReturnsToPermissionRequiredWithoutStarting","40","sanitized_regex"
"fd5866d2580127142e46b58848da2471488f70c0","android/feature/chat/src/main/kotlin/fr/mina/gateway/feature/chat/ChatScreen.kt","main","1","kotlin","fun_declaration","ChatRoute","72","sanitized_regex"
"fd5866d2580127142e46b58848da2471488f70c0","android/feature/chat/src/main/kotlin/fr/mina/gateway/feature/chat/ChatScreen.kt","main","2","kotlin","fun_declaration","ChatScreen","101","sanitized_regex"
"fd5866d2580127142e46b58848da2471488f70c0","android/feature/chat/src/main/kotlin/fr/mina/gateway/feature/chat/ChatScreen.kt","main","3","kotlin","fun_declaration","LinkBanner","158","sanitized_regex"
"fd5866d2580127142e46b58848da2471488f70c0","android/feature/chat/src/main/kotlin/fr/mina/gateway/feature/chat/ChatScreen.kt","main","4","kotlin","fun_declaration","EmptyConversation","209","sanitized_regex"
"fd5866d2580127142e46b58848da2471488f70c0","android/feature/chat/src/main/kotlin/fr/mina/gateway/feature/chat/ChatScreen.kt","main","5","kotlin","fun_declaration","MessageBubble","232","sanitized_regex"
"fd5866d2580127142e46b58848da2471488f70c0","android/feature/chat/src/main/kotlin/fr/mina/gateway/feature/chat/ChatScreen.kt","main","6","kotlin","fun_declaration","MediaImage","283","sanitized_regex"
"fd5866d2580127142e46b58848da2471488f70c0","android/feature/chat/src/main/kotlin/fr/mina/gateway/feature/chat/ChatScreen.kt","main","7","kotlin","fun_declaration","MediaVoice","311","sanitized_regex"
"fd5866d2580127142e46b58848da2471488f70c0","android/feature/chat/src/main/kotlin/fr/mina/gateway/feature/chat/ChatScreen.kt","main","8","kotlin","fun_declaration","CallProposal","346","sanitized_regex"
"fd5866d2580127142e46b58848da2471488f70c0","android/feature/chat/src/main/kotlin/fr/mina/gateway/feature/chat/ChatScreen.kt","main","9","kotlin","fun_declaration","deliveryLabel","366","sanitized_regex"
"fd5866d2580127142e46b58848da2471488f70c0","android/feature/chat/src/main/kotlin/fr/mina/gateway/feature/chat/ChatScreen.kt","main","10","kotlin","fun_declaration","clockOf","380","sanitized_regex"
"fd5866d2580127142e46b58848da2471488f70c0","android/feature/chat/src/main/kotlin/fr/mina/gateway/feature/chat/ChatScreen.kt","main","11","kotlin","fun_declaration","ErrorStrip","384","sanitized_regex"
"fd5866d2580127142e46b58848da2471488f70c0","android/feature/chat/src/main/kotlin/fr/mina/gateway/feature/chat/ChatScreen.kt","main","12","kotlin","fun_declaration","Composer","397","sanitized_regex"
"fd5866d2580127142e46b58848da2471488f70c0","android/feature/chat/src/main/kotlin/fr/mina/gateway/feature/chat/ChatScreen.kt","main","13","kotlin","fun_declaration","handleDictation","517","sanitized_regex"
"fd5866d2580127142e46b58848da2471488f70c0","android/feature/chat/src/main/kotlin/fr/mina/gateway/feature/chat/ChatScreen.kt","main","14","kotlin","fun_declaration","PairingScreen","540","sanitized_regex"
"fd5866d2580127142e46b58848da2471488f70c0","android/feature/chat/src/main/kotlin/fr/mina/gateway/feature/chat/ChatScreen.kt","main","15","kotlin","fun_declaration","LoadingDot","603","sanitized_regex"
"fd5866d2580127142e46b58848da2471488f70c0","android/feature/chat/src/main/kotlin/fr/mina/gateway/feature/chat/ChatViewModel.kt","main","1","kotlin","fun_declaration","send","61","sanitized_regex"
"fd5866d2580127142e46b58848da2471488f70c0","android/feature/chat/src/main/kotlin/fr/mina/gateway/feature/chat/ChatViewModel.kt","main","2","kotlin","fun_declaration","sendImage","72","sanitized_regex"
"fd5866d2580127142e46b58848da2471488f70c0","android/feature/chat/src/main/kotlin/fr/mina/gateway/feature/chat/ChatViewModel.kt","main","3","kotlin","fun_declaration","sendVoice","87","sanitized_regex"
"fd5866d2580127142e46b58848da2471488f70c0","android/feature/chat/src/main/kotlin/fr/mina/gateway/feature/chat/ChatViewModel.kt","main","4","kotlin","fun_declaration","loadMedia","101","sanitized_regex"
"fd5866d2580127142e46b58848da2471488f70c0","android/feature/chat/src/main/kotlin/fr/mina/gateway/feature/chat/ChatViewModel.kt","main","5","kotlin","fun_declaration","dismissSendError","104","sanitized_regex"
"fd5866d2580127142e46b58848da2471488f70c0","android/feature/chat/src/main/kotlin/fr/mina/gateway/feature/chat/ChatViewModel.kt","main","6","kotlin","fun_declaration","retryLink","106","sanitized_regex"
"fd5866d2580127142e46b58848da2471488f70c0","android/feature/chat/src/main/kotlin/fr/mina/gateway/feature/chat/ChatViewModel.kt","main","7","kotlin","fun_declaration","pair","111","sanitized_regex"
"fd5866d2580127142e46b58848da2471488f70c0","android/feature/chat/src/main/kotlin/fr/mina/gateway/feature/chat/ChatViewModel.kt","main","8","kotlin","fun_declaration","unpair","117","sanitized_regex"
"fd5866d2580127142e46b58848da2471488f70c0","android/feature/chat/src/main/kotlin/fr/mina/gateway/feature/chat/ChatViewModel.kt","main","9","kotlin","fun_declaration","deviceId","122","sanitized_regex"
"fd5866d2580127142e46b58848da2471488f70c0","android/feature/chat/src/main/kotlin/fr/mina/gateway/feature/chat/ChatViewModel.kt","main","10","kotlin","fun_declaration","defaultPort","124","sanitized_regex"
"fd5866d2580127142e46b58848da2471488f70c0","android/feature/chat/src/main/kotlin/fr/mina/gateway/feature/chat/ChatViewModel.kt","main","11","kotlin","fun_declaration","pairedHost","126","sanitized_regex"
"fd5866d2580127142e46b58848da2471488f70c0","android/feature/chat/src/main/kotlin/fr/mina/gateway/feature/chat/ChatViewModel.kt","main","12","kotlin","fun_declaration","refreshPending","128","sanitized_regex"
"fd5866d2580127142e46b58848da2471488f70c0","android/feature/chat/src/main/kotlin/fr/mina/gateway/feature/chat/ChatViewModel.kt","main","13","kotlin","fun_declaration","humanReason","133","sanitized_regex"
"fd5866d2580127142e46b58848da2471488f70c0","android/feature/chat/src/main/kotlin/fr/mina/gateway/feature/chat/MediaPrep.kt","main","1","kotlin","fun_declaration","equals","23","sanitized_regex"
"fd5866d2580127142e46b58848da2471488f70c0","android/feature/chat/src/main/kotlin/fr/mina/gateway/feature/chat/MediaPrep.kt","main","2","kotlin","fun_declaration","hashCode","24","sanitized_regex"
"fd5866d2580127142e46b58848da2471488f70c0","android/feature/chat/src/main/kotlin/fr/mina/gateway/feature/chat/MediaPrep.kt","main","3","kotlin","fun_declaration","prepareImage","27","sanitized_regex"
"fd5866d2580127142e46b58848da2471488f70c0","android/feature/chat/src/main/kotlin/fr/mina/gateway/feature/chat/MediaPrep.kt","main","4","kotlin","fun_declaration","readAllBytes","66","sanitized_regex"
"fd5866d2580127142e46b58848da2471488f70c0","android/feature/chat/src/main/kotlin/fr/mina/gateway/feature/chat/MinaChatTheme.kt","main","1","kotlin","fun_declaration","MinaChatTheme","71","sanitized_regex"
"fd5866d2580127142e46b58848da2471488f70c0","android/feature/chat/src/main/kotlin/fr/mina/gateway/feature/chat/VoiceNoteRecorder.kt","main","1","kotlin","fun_declaration","start","26","sanitized_regex"
"fd5866d2580127142e46b58848da2471488f70c0","android/feature/chat/src/main/kotlin/fr/mina/gateway/feature/chat/VoiceNoteRecorder.kt","main","2","kotlin","fun_declaration","stop","52","sanitized_regex"
"fd5866d2580127142e46b58848da2471488f70c0","android/feature/chat/src/main/kotlin/fr/mina/gateway/feature/chat/VoiceNoteRecorder.kt","main","3","kotlin","fun_declaration","cancel","72","sanitized_regex"
"fd5866d2580127142e46b58848da2471488f70c0","android/feature/chat/src/main/kotlin/fr/mina/gateway/feature/chat/VoiceNoteRecorder.kt","main","4","kotlin","fun_declaration","stopQuietly","74","sanitized_regex"
"fd5866d2580127142e46b58848da2471488f70c0","android/feature/voice/src/main/kotlin/fr/mina/gateway/feature/voice/VoiceDictation.kt","main","1","kotlin","fun_declaration","isAvailable","30","sanitized_regex"
"fd5866d2580127142e46b58848da2471488f70c0","android/feature/voice/src/main/kotlin/fr/mina/gateway/feature/voice/VoiceDictation.kt","main","2","kotlin","fun_declaration","start","32","sanitized_regex"
"fd5866d2580127142e46b58848da2471488f70c0","android/feature/voice/src/main/kotlin/fr/mina/gateway/feature/voice/VoiceDictation.kt","main","3","kotlin","fun_declaration","onReadyForSpeech","41","sanitized_regex"
"fd5866d2580127142e46b58848da2471488f70c0","android/feature/voice/src/main/kotlin/fr/mina/gateway/feature/voice/VoiceDictation.kt","main","4","kotlin","fun_declaration","onBeginningOfSpeech","42","sanitized_regex"
"fd5866d2580127142e46b58848da2471488f70c0","android/feature/voice/src/main/kotlin/fr/mina/gateway/feature/voice/VoiceDictation.kt","main","5","kotlin","fun_declaration","onRmsChanged","43","sanitized_regex"
"fd5866d2580127142e46b58848da2471488f70c0","android/feature/voice/src/main/kotlin/fr/mina/gateway/feature/voice/VoiceDictation.kt","main","6","kotlin","fun_declaration","onBufferReceived","44","sanitized_regex"
"fd5866d2580127142e46b58848da2471488f70c0","android/feature/voice/src/main/kotlin/fr/mina/gateway/feature/voice/VoiceDictation.kt","main","7","kotlin","fun_declaration","onEndOfSpeech","45","sanitized_regex"
"fd5866d2580127142e46b58848da2471488f70c0","android/feature/voice/src/main/kotlin/fr/mina/gateway/feature/voice/VoiceDictation.kt","main","8","kotlin","fun_declaration","onEvent","46","sanitized_regex"
"fd5866d2580127142e46b58848da2471488f70c0","android/feature/voice/src/main/kotlin/fr/mina/gateway/feature/voice/VoiceDictation.kt","main","9","kotlin","fun_declaration","onPartialResults","48","sanitized_regex"
"fd5866d2580127142e46b58848da2471488f70c0","android/feature/voice/src/main/kotlin/fr/mina/gateway/feature/voice/VoiceDictation.kt","main","10","kotlin","fun_declaration","onResults","52","sanitized_regex"
"fd5866d2580127142e46b58848da2471488f70c0","android/feature/voice/src/main/kotlin/fr/mina/gateway/feature/voice/VoiceDictation.kt","main","11","kotlin","fun_declaration","onError","59","sanitized_regex"
"fd5866d2580127142e46b58848da2471488f70c0","android/feature/voice/src/main/kotlin/fr/mina/gateway/feature/voice/VoiceDictation.kt","main","12","kotlin","fun_declaration","stop","72","sanitized_regex"
"fd5866d2580127142e46b58848da2471488f70c0","android/feature/voice/src/main/kotlin/fr/mina/gateway/feature/voice/VoiceDictation.kt","main","13","kotlin","fun_declaration","firstResult","77","sanitized_regex"
"fd5866d2580127142e46b58848da2471488f70c0","android/feature/voice/src/main/kotlin/fr/mina/gateway/feature/voice/VoiceDictation.kt","main","14","kotlin","fun_declaration","reasonOf","81","sanitized_regex"
